Workbook
Name Bijlage_02_x: #REF!
Name Bijlage_06_x: #REF!
Name Bijlage_13_tabel_6.1_phi: #REF!
Name Bijlage_13_Tabel_6.2_S: #REF!
Name Bijlage_13_Tabel_6.3_POP: #REF!
Name phi: #REF!
Name T_c_eff: Parametertabel!$K$5:$K$68
Name T_cu_low: Parametertabel!$Q$5:$Q$68
Name T_cu_mean: Parametertabel!$R$5:$R$68
Name T_drained_undrained: Parametertabel!$F$5:$F$68
Name T_gamma_dry_high: Parametertabel!$H$5:$H$68
Name T_gamma_dry_low: Parametertabel!$G$5:$G$68
Name T_gamma_wet_high: Parametertabel!$J$5:$J$68
Name T_gamma_wet_low: Parametertabel!$I$5:$I$68
Name T_m_low: Parametertabel!$W$5:$W$68
Name T_m_mean: Parametertabel!$X$5:$X$68
Name T_phi_low: Parametertabel!$N$5:$N$68
Name T_phi_mean: Parametertabel!$O$5:$O$68
Name T_POP_low: Parametertabel!$Y$5:$Y$68
Name T_POP_mean: Parametertabel!$Z$5:$Z$68
Name T_psi: Parametertabel!$P$5:$P$68
Name T_S_low: Parametertabel!$U$5:$U$68
Name T_S_mean: Parametertabel!$V$5:$V$68
Name T_shansep_param: Parametertabel!$T$5:$T$68
Name T_Vs_high: Parametertabel!$AB$5
Name T_Vs_low: Parametertabel!$AA$5:$AA$68
Name TABEL: Parametertabel!$A$5:$AB$68
Name Tabel_expertgroep: #REF!
Name ucs: #REF!

Sheet Parametertabel
A1: Waar Bijlage 6 een keuze geeft tussen gedraineerd en ongedraineerd is een splitsing gemaakt in z en k. | D1: Voor alle keuzen geldt dat de IBs op basis van het beschikbare grondonderzoek moeten aantonen dat de keuze correct is. | G1: Eis D.10 verwijst naar Tabel 2b van NEN 9997:2017. Getoetst aan Tabel 2b-1 en 2b-2 van Ontw. NEN 9997:2022; volumegewichten zijn identiek aan Tabel 2b van NEN 9997:2017. | R1: Geen waarden beschikbaar. | S1: Dit is een check of het gaat om een zware klei, waar de SHANSEP parameters niet mogen worden gebruikt. | U1: De waarde voor keileem in de tabel 6.2 wordt niet gebruikt. | V1: De waarde voor keileem in de tabel 6.2 wordt niet gebruikt.
A2: SOS Code | B2: SOS Omschrijving | C2: NEN Omschrijving | D2: ="Toelichting bij keuze voor "&C2 -> Toelichting bij keuze voor NEN Omschrijving | E2: Indicatieve conuswaarde volgens Tabel 2b, niet voor ontwerp | F2: Gedraineerd / Ongedraineerd (G/D) | G2: γd (ondergrens) | H2: γd (bovengrens) | I2: γn (ondergrens) | J2: γn (bovengrens) | K2: c' (eff. coh.) | L2: omschrijving tbv Bijlage 13 tabel 6.1 | M2: ="Toelichting bij keuze voor "&L2 -> Toelichting bij keuze voor omschrijving tbv Bijlage 13 tabel 6.1 | N2: φ'(ondergrens) | O2: φ'(verwachtings-waarde) | P2: Ψ | Q2: cu (ondergrens) | R2: cu (verwachtingswaarde) | S2: klei met volgew > 17 kN/m3? | T2: SHANSEP parameters? | U2: S (ondergrens) | V2: S (verwachtings-waarde) | W2: m (ondergrens) | X2: m (verwachtings-waarde) | Y2: POP (ondergrens) | Z2: POP (verwachtings-waarde) | AA2: Vs(ondergrens) | AB2: Vs(bovengrens)
E3: [MPa] | G3: [kN/m3] | H3: [kN/m3] | I3: [kN/m3] | J3: [kN/m3] | K3: [kN/m2] | N3: [o] | O3: [o] | P3: [o] | Q3: [kN/m2] | R3: [kN/m2] | U3: [-] | V3: [-] | W3: [-] | X3: [-] | Y3: [kN/m2] | Z3: [kN/m2] | AA3: [m/s] | AB3: [m/s]
A4: Bijlage 06 | B4: Bijlage 06 | C4: Bijlage 02 | E4: Bijlage 02 (NEN 9997:2022) | F4: Bijlage 06 | G4: Bijlage 02 (NEN 9997:2022) | H4: Bijlage 02 (NEN 9997:2022) | I4: Bijlage 02 (NEN 9997:2022) | J4: Bijlage 02 (NEN 9997:2022) | K4: Bijlage 13 | N4: Bijlage 13 - tabel 6.1 | O4: Bijlage 13 - tabel 6.1 | P4: Bijlage 13 | Q4: Memo Deltares "Minimum waarde voor de ongedraineerde sterkte voor LNA" | R4: Memo Deltares "Minimum waarde voor de ongedraineerde sterkte voor LNA" | S4: Eisen D.15, D.17, D.19 in Bijlage 13. Aanvullend gelden deze eisen ook voor silt. | U4: Tabel expertgroep en Bijlage 13 - tabel 6.2 | V4: Tabel expertgroep en Bijlage 13 - tabel 6.2 | W4: Tabel expertgroep | X4: Tabel expertgroep | Y4: Tabel expertgroep en Bijlage 13 - tabel 6.3 | Z4: Tabel expertgroep en Bijlage 13 - tabel 6.3 | AA4: Bijlage 24 | AB4: Bijlage 24
A5: H_Mg_zm | B5: Matig fijn tot zeer grof getijdengeul­zand | C5: zand, siltig/kleiig, los | E5: 8 | F5: G | G5: 18 | H5: 19 | I5: 20 | J5: 21 | K5: 0 | L5: Matig gesorteerd matig hoekig kwartszand | M5: Deze eenheid komt vaak voor zonder kleilagen. In dat geval is keus "Matig gesorteerd matig hoekig kwartszand". IB dient deze keus te onderbouwen. | N5: 32.4 | O5: 34 | P5: 0 | Q5: - | R5: - | S5: nee | T5: nee, gedraineerd | U5: - | V5: - | W5: - | X5: - | Y5: - | Z5: - | AA5: 103 | AB5: 103
A6: H_Mg_zf | B6: Uiterst fijn tot matig fijn getijdengeul­zand | C6: zand, siltig/kleiig, los | E6: 8 | F6: G | G6: 18 | H6: 19 | I6: 20 | J6: 21 | K6: 0 | L6: Zand met kleilaagjes (getijdenafzettingen) | N6: 29.9 | O6: 32 | P6: 0 | Q6: - | R6: - | S6: nee | T6: nee, gedraineerd | U6: - | V6: - | W6: - | X6: - | Y6: - | Z6: - | AA6: 103 | AB6: 103
A7: H_Mg_zk | B7: Uiterst fijn tot matig fijn getijdengeul­zand met dunne klei- en silt laagjes | C7: zand, siltig/kleiig, los | E7: 8 | F7: G | G7: 18 | H7: 19 | I7: 20 | J7: 21 | K7: 0 | L7: Zand met kleilaagjes (getijdenafzettingen) | N7: 29.9 | O7: 32 | P7: 0 | Q7: - | R7: - | S7: nee | T7: nee, gedraineerd | U7: - | V7: - | W7: - | X7: - | Y7: - | Z7: - | AA7: 103 | AB7: 103
A8: H_Mp_zf | B8: Zandige getijdenplaat-afzettingen | C8: zand, los | E8: 5 | F8: G | G8: 17 | H8: 18 | I8: 19 | J8: 20 | K8: 0 | L8: Zand met kleilaagjes (getijdenafzettingen) | N8: 29.9 | O8: 32 | P8: 0 | Q8: - | R8: - | S8: nee | T8: nee, gedraineerd | U8: - | V8: - | W8: - | X8: - | Y8: - | Z8: - | AA8: 103 | AB8: 103
A9: H_Mr_kz_z | B9: Getijdenrest-geulopvulling | C9: zand, siltig/kleiig, los | E9: 8 | F9: G | G9: 18 | H9: 19 | I9: 20 | J9: 21 | K9: 0 | L9: Zand met kleilaagjes (getijdenafzettingen) | N9: 29.9 | O9: 32 | P9: 0 | Q9: - | R9: - | S9: nee | T9: nee, gedraineerd | U9: - | V9: - | W9: - | X9: - | Y9: - | Z9: - | AA9: 103 | AB9: 103
A10: H_Mr_kz_k | B10: Getijdenrest-geulopvulling | C10: klei, zwak zandig, slap | E10: 0.7 | F10: O | G10: 15 | H10: 18 | I10: 15 | J10: 18 | K10: 0 | L10: Zandige klei, löss, keileem | N10: 29.9 | O10: 32 | P10: 0 | Q10: 8 | R10: #N/A | S10: nee | T10: H_Mr_kz | U10: 0.259 | V10: 0.262 | W10: 0.892 | X10: 0.9 | Y10: 28.42 | Z10: 48.51 | AA10: 60 | AB10: 100
A11: H_Mkw_z&k | B11: Afzettingen van kleine getijdenplaat- en kweldergeulen | C11: klei, zwak zandig, slap | E11: 0.7 | F11: O | G11: 15 | H11: 18 | I11: 15 | J11: 18 | K11: 0 | L11: Zandige klei, löss, keileem | N11: 29.9 | O11: 32 | P11: 0 | Q11: 8 | R11: #N/A | S11: nee | T11: H_Mkw_z&k | U11: 0.259 | V11: 0.262 | W11: 0.892 | X11: 0.9 | Y11: 28.42 | Z11: 48.51 | AA11: 60 | AB11: 100
A12: H_Mp_k | B12: Kleiige getijdenplaat- en kwelderafzettingen | C12: klei, zwak zandig, slap | E12: 0.7 | F12: O | G12: 15 | H12: 18 | I12: 15 | J12: 18 | K12: 0 | L12: Siltige klei | N12: 34 | O12: 42 | P12: 0 | Q12: 8 | R12: #N/A | S12: nee | T12: H_Mp_k | U12: 0.281 | V12: 0.29 | W12: 0.892 | X12: 0.9 | Y12: 11.57 | Z12: 21.92 | AA12: 60 | AB12: 100
A13: H_Mp_ko | B13: Organisch rijke getijdenplaat- en kwelderafzettingen | C13: klei, zwak tot sterk organisch, slap | E13: 0.2 | F13: O | G13: 13 | H13: 15 | I13: 13 | J13: 15 | K13: 0 | L13: Organische klei | N13: 36 | O13: 46 | P13: 0 | Q13: 4.1 | R13: #N/A | S13: nee | T13: H_Mp_ko | U13: 0.306 | V13: 0.315 | W13: 0.891 | X13: 0.9 | Y13: 5.67 | Z13: 17.53 | AA13: 60 | AB13: 100
A14: H_Ml_ko | B14: Lagunaire afzetting | C14: klei, zwak tot sterk organisch, slap | E14: 0.2 | F14: O | G14: 13 | H14: 15 | I14: 13 | J14: 15 | K14: 0 | L14: Organische klei | N14: 36 | O14: 46 | P14: 0 | Q14: 4.1 | R14: #N/A | S14: nee | T14: H_Ml_ko | U14: 0.306 | V14: 0.315 | W14: 0.891 | X14: 0.9 | Y14: 5.67 | Z14: 17.53 | AA14: 60 | AB14: 100
A15: H_Eg_zm_z | B15: Matig fijn tot zeer grof estuarien getijden-geulzand | C15: zand, siltig/kleiig, los | E15: 8 | F15: G | G15: 18 | H15: 19 | I15: 20 | J15: 21 | K15: 0 | L15: Zand met kleilaagjes (getijdenafzettingen) | N15: 29.9 | O15: 32 | P15: 0 | Q15: - | R15: - | S15: nee | T15: nee, gedraineerd | U15: - | V15: - | W15: - | X15: - | Y15: - | Z15: - | AA15: 103 | AB15: 103
A16: H_Eg_zm_k | B16: Matig fijn tot zeer grof estuarien getijden-geulzand | C16: klei, sterk zandig | E16: 1 | F16: O | G16: 18 | H16: 20 | I16: 18 | J16: 20 | K16: 0 | L16: Zand met kleilaagjes (getijdenafzettingen) | N16: 29.9 | O16: 32 | P16: 0 | Q16: 13.3 | R16: #N/A | S16: ja | T16: nee, volgew groter dan 17 | U16: - | V16: - | W16: - | X16: - | Y16: - | Z16: - | AA16: 60 | AB16: 100
A17: H_Eg_z&k_k | B17: Uiterst fijn tot matig fijn estuarien getijden-geulzand | C17: klei, sterk zandig | E17: 1 | F17: O | G17: 18 | H17: 20 | I17: 18 | J17: 20 | K17: 0 | L17: Zand met kleilaagjes (getijdenafzettingen) | N17: 29.9 | O17: 32 | P17: 0 | Q17: 13.3 | R17: #N/A | S17: ja | T17: nee, volgew groter dan 17 | U17: - | V17: - | W17: - | X17: - | Y17: - | Z17: - | AA17: 60 | AB17: 100
A18: H_Eg_z&k_z | B18: Uiterst fijn tot matig fijn estuarien getijden-geulzand | C18: zand, siltig/kleiig, los | E18: 8 | F18: G | G18: 18 | H18: 19 | I18: 20 | J18: 21 | K18: 0 | L18: Zand met kleilaagjes (getijdenafzettingen) | N18: 29.9 | O18: 32 | P18: 0 | Q18: - | R18: - | S18: nee | T18: nee, gedraineerd | U18: - | V18: - | W18: - | X18: - | Y18: - | Z18: - | AA18: 103 | AB18: 103
A19: H_Rg_zg | B19: Zeer grof tot uiterst grof rivierbeddings-zand | C19: zand, matig dicht | E19: 15 | F19: G | G19: 18 | H19: 19 | I19: 20 | J19: 21 | K19: 0 | L19: Matig gesorteerd matig hoekig kwartszand | N19: 32.4 | O19: 34 | P19: 0 | Q19: - | R19: - | S19: nee | T19: nee, gedraineerd | U19: - | V19: - | W19: - | X19: - | Y19: - | Z19: - | AA19: 103 | AB19: 103
A20: H_Rg_zm | B20: Matig fijn tot zeer grof rivierbeddings-zand | C20: zand, los | E20: 5 | F20: G | G20: 17 | H20: 18 | I20: 19 | J20: 20 | K20: 0 | L20: Matig gesorteerd matig hoekig kwartszand | N20: 32.4 | O20: 34 | P20: 0 | Q20: - | R20: - | S20: nee | T20: nee, gedraineerd | U20: - | V20: - | W20: - | X20: - | Y20: - | Z20: - | AA20: 103 | AB20: 103
A21: H_Rg_zf | B21: Uiterst fijn tot matig fijn zand rivierbeddings-zand | C21: zand, los | E21: 5 | F21: G | G21: 17 | H21: 18 | I21: 19 | J21: 20 | K21: 0 | L21: Matig gesorteerd matig hoekig kwartszand | N21: 32.4 | O21: 34 | P21: 0 | Q21: - | R21: - | S21: nee | T21: nee, gedraineerd | U21: - | V21: - | W21: - | X21: - | Y21: - | Z21: - | AA21: 103 | AB21: 103
A22: H_Rr_o&z_k | B22: Rivierrestgeul-opvulling | C22: klei, zwak tot sterk organisch, slap | E22: 0.2 | F22: O | G22: 13 | H22: 15 | I22: 13 | J22: 15 | K22: 0 | L22: Organische klei | N22: 36 | O22: 46 | P22: 0 | Q22: 4.1 | R22: #N/A | S22: nee | T22: H_Rr_o&z | U22: 0.306 | V22: 0.315 | W22: 0.891 | X22: 0.9 | Y22: 5.67 | Z22: 17.53 | AA22: 40 | AB22: 90
A23: H_Rr_o&z_z | B23: Rivierrestgeul-opvulling | C23: zand, siltig/kleiig, los | E23: 8 | F23: G | G23: 18 | H23: 19 | I23: 20 | J23: 21 | K23: 0 | L23: Zand met kleilaagjes (getijdenafzettingen) | N23: 29.9 | O23: 32 | P23: 0 | Q23: - | R23: - | S23: nee | T23: nee, gedraineerd | U23: - | V23: - | W23: - | X23: - | Y23: - | Z23: - | AA23: 103 | AB23: 103
A24: H_Ro_z&k_k | B24: Oever-, crevasse- en dijkdoorbraak-afzettingen | C24: klei, zwak zandig, slap | E24: 0.7 | F24: O | G24: 15 | H24: 18 | I24: 15 | J24: 18 | K24: 0 | L24: Zandige klei, löss, keileem | N24: 29.9 | O24: 32 | P24: 0 | Q24: 8 | R24: #N/A | S24: nee | T24: H_Ro_z&k | U24: 0.259 | V24: 0.262 | W24: 0.892 | X24: 0.9 | Y24: 28.42 | Z24: 48.51 | AA24: 40 | AB24: 90
A25: H_Ro_z&k_z | B25: Oever-, crevasse- en dijkdoorbraak-afzettingen | C25: zand, siltig/kleiig, los | E25: 8 | F25: G | G25: 18 | H25: 19 | I25: 20 | J25: 21 | K25: 0 | L25: Zand met kleilaagjes (getijdenafzettingen) | N25: 29.9 | O25: 32 | P25: 0 | Q25: - | R25: - | S25: nee | T25: nee, gedraineerd | U25: - | V25: - | W25: - | X25: - | Y25: - | Z25: - | AA25: 103 | AB25: 103
A26: H_Rk_k_k | B26: Hogere komafzettingen | C26: klei, slap | E26: 0.5 | F26: O | G26: 14 | H26: 17 | I26: 14 | J26: 17 | K26: 0 | L26: Siltige klei | N26: 34 | O26: 42 | P26: 0 | Q26: 6 | R26: #N/A | S26: nee | T26: H_Rk_k | U26: 0.281 | V26: 0.29 | W26: 0.892 | X26: 0.9 | Y26: 11.57 | Z26: 21.92 | AA26: 40 | AB26: 90
A27: H_Rk_k_z | B27: Hogere komafzettingen | C27: zand, siltig/kleiig, los | D27: Onwaarschijnlijk dat deze voorkomt. IB dient aan te tonen dat de keuze voor deze eenheid correct is. | E27: 8 | F27: G | G27: 18 | H27: 19 | I27: 20 | J27: 21 | K27: 0 | L27: Zand met kleilaagjes (getijdenafzettingen) | N27: 29.9 | O27: 32 | P27: 0 | Q27: - | R27: - | S27: nee | T27: nee, gedraineerd | U27: - | V27: - | W27: - | X27: - | Y27: - | Z27: - | AA27: 103 | AB27: 103
A28: H_Rk_k&v | B28: Lagere komafzettingen met afwisseling van klei- en veenlagen | C28: klei, zwak tot sterk organisch, slap | E28: 0.2 | F28: O | G28: 13 | H28: 15 | I28: 13 | J28: 15 | K28: 0 | L28: Organische klei | N28: 36 | O28: 46 | P28: 0 | Q28: 4.1 | R28: #N/A | S28: nee | T28: H_Rk_k&v | U28: 0.306 | V28: 0.315 | W28: 0.891 | X28: 0.9 | Y28: 5.67 | Z28: 17.53 | AA28: 40 | AB28: 90
A29: H_Rk_ko | B29: Lagere komafzettingen met organische klei | C29: klei, zwak tot sterk organisch, slap | E29: 0.2 | F29: O | G29: 13 | H29: 15 | I29: 13 | J29: 15 | K29: 0 | L29: Organische klei | N29: 36 | O29: 46 | P29: 0 | Q29: 4.1 | R29: #N/A | S29: nee | T29: H_Rk_ko | U29: 0.306 | V29: 0.315 | W29: 0.891 | X29: 0.9 | Y29: 5.67 | Z29: 17.53 | AA29: 40 | AB29: 90
A30: H_Rk_vk | B30: Lagere komafzetting van kleiig veen | C30: veen, slap | E30: 0.1 | F30: O | G30: 10 | H30: 12 | I30: 10 | J30: 12 | K30: 0 | L30: Veen | N30: 30 | O30: 44 | P30: 0 | Q30: 3.4 | R30: #N/A | S30: nee | T30: H_Rk_vk | U30: 0.311 | V30: 0.32 | W30: 0.891 | X30: 0.9 | Y30: 13.43 | Z30: 25.54 | AA30: 35 | AB30: 45
A31: H_Vhv_v | B31: Veen | C31: veen, slap | D31: Dit kan zijn mineraalarm veen, kleiige veen, gyttja | E31: 0.1 | F31: O | G31: 10 | H31: 12 | I31: 10 | J31: 12 | K31: 0 | L31: Veen | N31: 30 | O31: 44 | P31: 0 | Q31: 3.4 | R31: #N/A | S31: nee | T31: H_Vhv_v | U31: 0.391 | V31: 0.395 | W31: 0.892 | X31: 0.9 | Y31: 5.54 | Z31: 14.88 | AA31: 35 | AB31: 45
A32: H_Vbv_v | B32: Gecompacteerd veen | C32: veen, slap | E32: 0.1 | F32: O | G32: 10 | H32: 12 | I32: 10 | J32: 12 | K32: 0 | L32: Veen | N32: 30 | O32: 44 | P32: 0 | Q32: 3.4 | R32: #N/A | S32: nee | T32: H_Vbv_v | U32: 0.3 | V32: 0.31 | W32: 0.8 | X32: 0.9 | Y32: 15 | Z32: 25 | AA32: 35 | AB32: 90
A33: P_Rbk_vk | B33: Lokale beekdalafzettingen van kleiig tot zandig veen | C33: veen, slap | D33: Deze eenheid kan ondiep voorkomen, vandaar keus voor "slap". Kan elders elders steviger zijn, IB dient dat aan te tonen. | E33: 0.1 | F33: O | G33: 10 | H33: 12 | I33: 10 | J33: 12 | K33: 0 | L33: Veen | N33: 30 | O33: 44 | P33: 0 | Q33: 3.4 | R33: #N/A | S33: nee | T33: P_Rbk_vk | U33: 0.311 | V33: 0.32 | W33: 0.891 | X33: 0.9 | Y33: 13.43 | Z33: 25.54 | AA33: 35 | AB33: 90
A34: H_Ova_zm | B34: Matig fijn tot zeer grof zand | C34: zand, los | E34: 5 | F34: G | G34: 17 | H34: 18 | I34: 19 | J34: 20 | K34: 0 | L34: Matig gesorteerd matig hoekig kwartszand | N34: 32.4 | O34: 34 | P34: 0 | Q34: - | R34: - | S34: nee | T34: nee, gedraineerd | U34: - | V34: - | W34: - | X34: - | Y34: - | Z34: - | AA34: 103 | AB34: 103
A35: H_Ova_zf | B35: Uiterst fijn tot matig fijn zand | C35: zand, siltig/kleiig, los | E35: 8 | F35: G | G35: 18 | H35: 19 | I35: 20 | J35: 21 | K35: 0 | L35: Zand met kleilaagjes (getijdenafzettingen) | N35: 29.9 | O35: 32 | P35: 0 | Q35: - | R35: - | S35: nee | T35: nee, gedraineerd | U35: - | V35: - | W35: - | X35: - | Y35: - | Z35: - | AA35: 103 | AB35: 103
A36: H_Aa_z | B36: Aangebracht materiaal, zand baanlichaam | C36: zand, los | E36: 5 | F36: G | G36: 17 | H36: 18 | I36: 19 | J36: 20 | K36: 0 | L36: Baanlichaam zand | N36: 30 | O36: 32 | P36: 0 | Q36: - | R36: - | S36: nee | T36: nee, gedraineerd | U36: - | V36: - | W36: - | X36: - | Y36: - | Z36: - | AA36: 103 | AB36: 103
A37: H_Aa_kz | B37: Aangebracht materiaal, klei baanlichaam | C37: klei, zwak zandig, slap | E37: 0.7 | F37: O | G37: 15 | H37: 18 | I37: 15 | J37: 18 | K37: 0 | L37: Baanlichaam klei, zandige klei | N37: 29.9 | O37: 32 | P37: 0 | Q37: 8 | R37: #N/A | S37: nee | T37: H_Aa_kz | U37: 0.306 | V37: 0.315 | W37: 0.891 | X37: 0.9 | Y37: 5.67 | Z37: 17.53 | AA37: 60 | AB37: 100
A38: H_Aa_ks | B38: Aangebracht materiaal, klei baanlichaam | C38: klei, slap | E38: 0.5 | F38: O | G38: 14 | H38: 17 | I38: 14 | J38: 17 | K38: 0 | L38: Baanlichaam klei, siltige klei | N38: 34 | O38: 42 | P38: 0 | Q38: 6 | R38: #N/A | S38: nee | T38: H_Aa_ks | U38: 0.306 | V38: 0.315 | W38: 0.891 | X38: 0.9 | Y38: 5.67 | Z38: 17.53 | AA38: 60 | AB38: 100
A39: H_Aa_ko | B39: Aangebracht materiaal, klei baanlichaam | C39: klei, zwak tot sterk organisch, slap | E39: 0.2 | F39: O | G39: 13 | H39: 15 | I39: 13 | J39: 15 | K39: 0 | L39: Baanlichaam klei, organische klei | N39: 36 | O39: 46 | P39: 0 | Q39: 4.1 | R39: #N/A | S39: nee | T39: H_Aa_ko | U39: 0.306 | V39: 0.315 | W39: 0.891 | X39: 0.9 | Y39: 5.67 | Z39: 17.53 | AA39: 45 | AB39: 90
A40: H_Aa_onb | B40: Aangebracht materiaal, baanlichaam | C40: klei, zwak tot sterk organisch, slap | D40: Dit is de meest conservatieve keuze. In gebieden waar vooral zand dicht onder het oppervlak ligt kiezen voor Zand, siltig/kleiig, los. | E40: 0.2 | F40: O | G40: 13 | H40: 15 | I40: 13 | J40: 15 | K40: 0 | L40: Baanlichaam onbekend | N40: 30 | O40: 44 | P40: 0 | Q40: 4.1 | R40: #N/A | S40: nee | T40: H_Aa_onb_k | U40: 0.306 | V40: 0.315 | W40: 0.891 | X40: 0.9 | Y40: 5.67 | Z40: 17.53 | AA40: 45 | AB40: 90
A41: P_Mg_zm | B41: Matig fijn tot zeer grof getijdengeul­zand | C41: zand, siltig/kleiig, los | E41: 8 | F41: G | G41: 18 | H41: 19 | I41: 20 | J41: 21 | K41: 0 | L41: Zand met kleilaagjes (getijdenafzettingen) | N41: 29.9 | O41: 32 | P41: 0 | Q41: - | R41: - | S41: nee | T41: nee, gedraineerd | U41: - | V41: - | W41: - | X41: - | Y41: - | Z41: - | AA41: 103 | AB41: 103
A42: P_Mg_zk | B42: Uiterst fijn tot matig fijn getijdengeul­zand met dunne klei en silt laagjes | C42: zand, siltig/kleiig, los | E42: 8 | F42: G | G42: 18 | H42: 19 | I42: 20 | J42: 21 | K42: 0 | L42: Zand met kleilaagjes (getijdenafzettingen) | N42: 29.9 | O42: 32 | P42: 0 | Q42: - | R42: - | S42: nee | T42: nee, gedraineerd | U42: - | V42: - | W42: - | X42: - | Y42: - | Z42: - | AA42: 103 | AB42: 103
A43: P_Mp_k | B43: Kleiige getijdenplaat- en kwelderafzettingen | C43: klei, zwak zandig, slap | D43: Eemklei bijvoorbeeld kan ondiep voorkomen, vandaar de keus voor "slap". Kan elders steviger zijn, IB dient dit aan te tonen. | E43: 0.7 | F43: O | G43: 15 | H43: 18 | I43: 15 | J43: 18 | K43: 0 | L43: Siltige klei | N43: 34 | O43: 42 | P43: 0 | Q43: 8 | R43: #N/A | S43: nee | T43: P_Mp_k | U43: 0.281 | V43: 0.29 | W43: 0.892 | X43: 0.9 | Y43: 11.57 | Z43: 21.92 | AA43: 45 | AB43: 90
A44: P_Rg_zg | B44: Zeer grof tot uiterst grof rivierbeddings-zand | C44: zand, matig dicht | E44: 15 | F44: G | G44: 18 | H44: 19 | I44: 20 | J44: 21 | K44: 0 | L44: Matig gesorteerd matig hoekig kwartszand | N44: 32.4 | O44: 34 | P44: 0 | Q44: - | R44: - | S44: nee | T44: nee, gedraineerd | U44: - | V44: - | W44: - | X44: - | Y44: - | Z44: - | AA44: 103 | AB44: 103
A45: P_Rg_zm | B45: Matig fijn tot zeer grof rivierbeddings-zand | C45: zand, los | E45: 5 | F45: G | G45: 17 | H45: 18 | I45: 19 | J45: 20 | K45: 0 | L45: Matig gesorteerd matig hoekig kwartszand | N45: 32.4 | O45: 34 | P45: 0 | Q45: - | R45: - | S45: nee | T45: nee, gedraineerd | U45: - | V45: - | W45: - | X45: - | Y45: - | Z45: - | AA45: 103 | AB45: 103
A46: P_Rg_zf | B46: Uiterst fijn tot matig fijn zand rivierbeddings-zand | C46: zand, los | E46: 5 | F46: G | G46: 17 | H46: 18 | I46: 19 | J46: 20 | K46: 0 | L46: Matig gesorteerd matig hoekig kwartszand | N46: 32.4 | O46: 34 | P46: 0 | Q46: - | R46: - | S46: nee | T46: nee, gedraineerd | U46: - | V46: - | W46: - | X46: - | Y46: - | Z46: - | AA46: 103 | AB46: 103
A47: P_Rk_k&s | B47: Kleiige en siltige komafzetting | C47: klei, matig | D47: Dit betreft de Laag van Wijchen. Stevige klei. | E47: 1 | F47: O | G47: 17 | H47: 19 | I47: 17 | J47: 19 | K47: 0 | L47: Zandige klei, löss, keileem | N47: 29.9 | O47: 32 | P47: 0 | Q47: 6 | R47: #N/A | S47: nee | T47: P_Rk_k&s | U47: 0.281 | V47: 0.29 | W47: 0.892 | X47: 0.9 | Y47: 11.57 | Z47: 21.92 | AA47: 103 | AB47: 103
A48: P_Rbk_zm | B48: Zeer fijn tot zeer grofzandige beekafzetting | C48: zand, los | E48: 5 | F48: G | G48: 17 | H48: 18 | I48: 19 | J48: 20 | K48: 0 | L48: Matig gesorteerd matig hoekig kwartszand | N48: 32.4 | O48: 34 | P48: 0 | Q48: - | R48: - | S48: nee | T48: nee, gedraineerd | U48: - | V48: - | W48: - | X48: - | Y48: - | Z48: - | AA48: 103 | AB48: 103
A49: P_Rbk_z&s_z | B49: Heterogene beekafzetting met zand en siltlagen | C49: zand, siltig/kleiig, los | E49: 8 | F49: G | G49: 18 | H49: 19 | I49: 20 | J49: 21 | K49: 0 | L49: Zand met kleilaagjes (getijdenafzettingen) | N49: 29.9 | O49: 32 | P49: 0 | Q49: - | R49: - | S49: nee | T49: nee, gedraineerd | U49: - | V49: - | W49: - | X49: - | Y49: - | Z49: - | AA49: 103 | AB49: 103
A50: P_Rbk_z&s_s | B50: Heterogene beekafzetting met zand en siltlagen | C50: silt, sterk zandig | E50: 2 | F50: O | G50: 19 | H50: 20 | I50: 19 | J50: 20 | K50: 0 | L50: Zand met kleilaagjes (getijdenafzettingen) | N50: 29.9 | O50: 32 | P50: 0 | Q50: 0.03*q_c;N | R50: 0.05*q_c;N | S50: ja | T50: nee, volgew groter dan 17 | U50: - | V50: - | W50: - | X50: - | Y50: - | Z50: - | AA50: 103 | AB50: 103
A51: P_Rbk_kz | B51: Heterogene beekafzettingen van zandige klei | C51: klei, zwak zandig, slap | D51: Deze afzettingen kunnen dichtbij het oppervlak liggen, vandaar de keus voor "slap". Kan elders wel steviger zijn , IB dient dit aan te tonen. | E51: 0.7 | F51: O | G51: 15 | H51: 18 | I51: 15 | J51: 18 | K51: 0 | L51: Zandige klei, löss, keileem | N51: 29.9 | O51: 32 | P51: 0 | Q51: 8 | R51: #N/A | S51: nee | T51: P_Rbk_kz | U51: 0.259 | V51: 0.262 | W51: 0.892 | X51: 0.9 | Y51: 28.42 | Z51: 48.51 | AA51: 103 | AB51: 103
A52: P_Wrd_zm | B52: Matig fijn tot matig grofzandige windafzetting (rivierduin) | C52: zand, los | E52: 5 | F52: G | G52: 17 | H52: 18 | I52: 19 | J52: 20 | K52: 0 | L52: Goed gesorteerd kwartszand (dekzand) | N52: 28.6 | O52: 30 | P52: 0 | Q52: - | R52: - | S52: nee | T52: nee, gedraineerd | U52: - | V52: - | W52: - | X52: - | Y52: - | Z52: - | AA52: 103 | AB52: 103
A53: P_Wdz_zf | B53: Matig fijnzandige windafzetting (dekzand) | C53: zand, los | E53: 5 | F53: G | G53: 17 | H53: 18 | I53: 19 | J53: 20 | K53: 0 | L53: Goed gesorteerd kwartszand (dekzand) | N53: 28.6 | O53: 30 | P53: 0 | Q53: - | R53: - | S53: nee | T53: nee, gedraineerd | U53: - | V53: - | W53: - | X53: - | Y53: - | Z53: - | AA53: 103 | AB53: 103
A54: P_Wls_s | B54: Siltige windafzetting (löss) | C54: silt, zwak zandig, slap | E54: 1 | F54: O | G54: 19 | H54: 20 | I54: 19 | J54: 20 | K54: 0 | L54: Zandige klei, löss, keileem | N54: 29.9 | O54: 32 | P54: 0 | Q54: 0.03*qc;n | R54: 0.05*q_c;N | S54: ja | T54: nee, volgew groter dan 17 | U54: - | V54: - | W54: - | X54: - | Y54: - | Z54: - | AA54: 103 | AB54: 103
A55: P_Gs_zg | B55: Matig grof tot uiterst grof smeltwater­zand en helling­afzettingen | C55: zand, los | E55: 5 | F55: G | G55: 17 | H55: 18 | I55: 19 | J55: 20 | K55: 0 | L55: Zand met kleilaagjes (getijdenafzettingen) | N55: 29.9 | O55: 32 | P55: 0 | Q55: - | R55: - | S55: nee | T55: nee, gedraineerd | U55: - | V55: - | W55: - | X55: - | Y55: - | Z55: - | AA55: 103 | AB55: 103
A56: P_Ggs_zg_z | B56: Gestuwde afzetting | C56: zand, matig dicht | E56: 15 | F56: G | G56: 18 | H56: 19 | I56: 20 | J56: 21 | K56: 0 | L56: Zand met kleilaagjes (getijdenafzettingen) | N56: 29.9 | O56: 32 | P56: 0 | Q56: - | R56: - | S56: nee | T56: nee, gedraineerd | U56: - | V56: - | W56: - | X56: - | Y56: - | Z56: - | AA56: 103 | AB56: 103
A57: P_Ggs_zg_k | B57: Gestuwde afzetting | C57: klei, matig | D57: Dit betreft opgestuwde geconsolideerde afzettingen, vandaar keus voor "matig". | E57: 1 | F57: O | G57: 17 | H57: 19 | I57: 17 | J57: 19 | K57: 0 | L57: Zandige klei, löss, keileem | N57: 29.9 | O57: 32 | P57: 0 | Q57: 6 | R57: #N/A | S57: nee | T57: P_Ggs_zg_k | U57: 0.281 | V57: 0.29 | W57: 0.892 | X57: 0.9 | Y57: 11.57 | Z57: 21.92 | AA57: 103 | AB57: 103
A58: P_Gkl_kz_k | B58: Keileem | C58: klei, zwak zandig, matig | D58: Literatuur geeft aan dat waarden voor q_c beneden 1,5 MPa regelmatig voorkomen. Volumegewichten in de literatuur zijn hoger dan 17 kN/m3, vandaar toch de keus voor "matig". | E58: 1.5 | F58: O | G58: 18 | H58: 20 | I58: 18 | J58: 20 | K58: 0 | L58: Zandige klei, löss, keileem | N58: 29.9 | O58: 32 | P58: 0 | Q58: 0.03*q_c;N | R58: 0.05*q_c;N | S58: ja | T58: nee, volgew groter dan 17 | U58: - | V58: - | W58: - | X58: - | Y58: - | Z58: - | AA58: 103 | AB58: 103
A59: P_Gkl_kz_z | B59: Keileem | C59: zand, siltig/kleiig, matig dicht | D59: Dit betreft opgestuwde geconsolideerde afzettingen, vandaar keus voor "matig dicht". | E59: 12 | F59: G | G59: 18 | H59: 19 | I59: 20 | J59: 21 | K59: 0 | L59: Zand met kleilaagjes (getijdenafzettingen) | N59: 29.9 | O59: 32 | P59: 0 | Q59: - | R59: - | S59: nee | T59: nee, gedraineerd | U59: - | V59: - | W59: - | X59: - | Y59: - | Z59: - | AA59: 103 | AB59: 103
A60: P_Om_zf | B60: Fijnzandige en compacte meerafzetting | C60: zand, siltig/kleiig, los | E60: 8 | F60: G | G60: 18 | H60: 19 | I60: 20 | J60: 21 | K60: 0 | L60: Zand met kleilaagjes (getijdenafzettingen) | N60: 29.9 | O60: 32 | P60: 0 | Q60: - | R60: - | S60: nee | T60: nee, gedraineerd | U60: - | V60: - | W60: - | X60: - | Y60: - | Z60: - | AA60: 103 | AB60: 103
A61: P_Om_k | B61: Kleiige en compacte meerafzetting (potklei) | C61: klei, matig | E61: 1 | F61: O | G61: 17 | H61: 19 | I61: 17 | J61: 19 | K61: 0 | L61: Siltige klei | N61: 34 | O61: 42 | P61: 0 | Q61: 6 | R61: #N/A | S61: nee | T61: P_Om_k | U61: 0.281 | V61: 0.29 | W61: 0.892 | X61: 0.9 | Y61: 11.57 | Z61: 21.92 | AA61: 103 | AB61: 103
A62: P_Ova_sd | B62: Slecht doorlatend | C62: klei, zwak tot sterk organisch, slap | D62: Dit is de meest conservatieve keuze; de eenheid, is zeer divers. | E62: 0.2 | F62: O | G62: 13 | H62: 15 | I62: 13 | J62: 15 | K62: 0 | L62: Siltige klei | N62: 34 | O62: 42 | P62: 0 | Q62: 4.1 | R62: #N/A | S62: nee | T62: P_Ova_sd | U62: 0.281 | V62: 0.29 | W62: 0.892 | X62: 0.9 | Y62: 11.57 | Z62: 21.92 | AA62: 60 | AB62: 100
A63: T_Mm_k | B63: Tertiaire klei (Oosterhout, Breda, Rupel etc) | C63: klei, matig | D63: IB dient de minimum c_u aan te tonen op basis van het grondonderzoek. | E63: 1 | F63: O | G63: 17 | H63: 19 | I63: 17 | J63: 19 | K63: 0 | L63: Zandige klei, löss, keileem | N63: 29.9 | O63: 32 | P63: 0 | Q63: 30 | R63: 45 | S63: nee | T63: nee | U63: - | V63: - | W63: - | X63: - | Y63: - | Z63: - | AA63: 78 | AB63: 100
A64: T_Mm_z | B64: Tertiair zand- (Oosterhout, Breda, Rupel etc.) | C64: zand, siltig/kleiig, los | D64: IB dient de dichtheid aan te tonen op basis van het grondonderzoek. Ook dient IB aan te tonen of er sprake is van zand met een hoog gehalte glauconiet; dit is het geval als het wrijvingsgetal in de orde 4-6 % is. Het gedrag van glauconiethoudend zand dient dus ongedraineerd te worden gemodelleerd. | E64: 8 | F64: G | G64: 18 | H64: 19 | I64: 20 | J64: 21 | K64: 0 | L64: Zand met kleilaagjes (getijdenafzettingen) | N64: 29.9 | O64: 32 | P64: 0 | Q64: - | R64: - | S64: nee | T64: nee, gedraineerd | U64: - | V64: - | W64: - | X64: - | Y64: - | Z64: - | AA64: 109 | AB64: 109
A65: T_Mm_br | B65: Tertiaire bruinkool (Formatie van Ville) | C65: - | D65: Mechanische parameters zijn conservatieve waarden ontleend aan Trollope et al. (1965). Schuifgolfsnelheid is ontleend aan sondering S60G00009_00 N van Eygelshoven. | E65: #N/A | F65: O | G65: 11 | H65: 12 | I65: 11 | J65: 12 | K65: 0 | L65: Veen | N65: 30 | O65: 44 | P65: 0 | Q65: 30 | R65: 45 | S65: nee | T65: nee, gesteente | U65: - | V65: - | W65: - | X65: - | Y65: - | Z65: - | AA65: 86 | AB65: 103
A66: T_Mm_st | B66: Tertiaire schalie (Formatie van Rupel) | C66: - | D66: Dinoloket boring B62B4785 bij Heerlen geeft tussen mv -0,7 en mv -20 m schalie. Deze wordt in de naburige boringen niet aangetroffen. REGIS v2.2 geeft hier de tweede zandige eenheid van de Formatie van Rupel. De ingenieursbureaus dienen na te gaan of de boorbeschrijving in boring B62B4785 correct is | E66: Niet van toepassing | F66: Niet van toepassing | G66: Niet van toepassing | H66: Niet van toepassing | I66: Niet van toepassing | J66: Niet van toepassing | K66: Niet van toepassing | L66: Niet van toepassing | M66: Niet van toepassing | N66: Niet van toepassing | O66: Niet van toepassing | P66: Niet van toepassing | Q66: Niet van toepassing | R66: Niet van toepassing | S66: Niet van toepassing | T66: nee, gesteente | U66: - | V66: - | W66: - | X66: - | Y66: - | Z66: - | AA66: Niet van toepassing | AB66: Niet van toepassing
A67: K_Mm_st | B67: Krijt vast gesteente (Vaals, Maastricht, Gulpen, Houthem) | C67: - | D67: De sterkteparameters betreffen de grens tussen gesteente en grond. | E67: #N/A | F67: G | G67: 16 | H67: 17 | I67: 20 | J67: 21 | K67: 300 | L67: - | N67: 0 | O67: 0 | P67: 0 | Q67: - | R67: - | S67: nee | T67: nee, gesteente | U67: - | V67: - | W67: - | X67: - | Y67: - | Z67: - | AA67: 103 | AB67: 103
A68: K_Mm_s | B68: Krijt groenzanden (Vaals) | C68: silt, zwak zandig, slap | D68: IB dient de minimum c_u aan te tonen op basis van het grondonderzoek. Ook dient IB aan te tonen of er sprake is van silt/zand met een hoog gehalte glauconiet; dit is het geval als het wrijvingsgetal in de orde 4-6 % is. Het gedrag van glauconiethoudend silt/zand dient dus ongedraineerd te worden gemodelleerd. | E68: 1 | F68: O | G68: 19 | H68: 20 | I68: 19 | J68: 20 | K68: 0 | L68: Zandige klei, löss, keileem | N68: 29.9 | O68: 32 | P68: 0 | Q68: 45 | R68: 70 | S68: ja | T68: nee, volgew groter dan 17 | U68: - | V68: - | W68: - | X68: - | Y68: - | Z68: - | AA68: 69 | AB68: 103
A70: Toelichting bij overige parameterbepaling
A71: SOS_code | B71: code conform bijlage 6
A72: SOS_info | B72: korte omschrijving conform bijlage 6
A73: NEN_info | B73: Corresponderende NEN tabel 2b-1 / 2b-2 classificatie
A74: NEN_qc | B74: Corresponderende qc (ingeschat obv- beschrijving in bijlage 6) gebruikt als ingang voor afleiding van Cu uit tabel 2b-1/2b-2 (volgt uiteindelijk via Deltares)
A75: gamma_d_low | B75: Laag karakteristieke waarde droog volumegewicht, afgeleid o.b.v NEN tabel 2b-1/2b-2 classificatie
A76: gamma_d_up | B76: "hoog" karakteristieke waarde droog volumegewicht, afgeleid o.b.v NEN tabel 2b-1/2b-2 classificatie. Afgeschat als een realistisch hogere waardere t.b.v. de variatieberekeningen.
A77: gamma_n_low | B77: Laag karakteristieke waarde nat volumegewicht, afgeleid o.b.v NEN tabel 2b-1/2b-2 classificatie
A78: gamma_n_up | B78: "hoog" karakteristieke waarde nat volumegewicht, afgeleid o.b.v NEN tabel 2b-1/2b-2 classificatie. Afgeschat als een realistisch hogere waardere t.b.v. de variatieberekeningen.
A79: c_eff | B79: Effectieve cohesie, conform bijlage 13 voor alle lagen 0
A80: phi_eff_low | B80: Laag karakteristieke waarde van de effectieve wrijgingshoek conform bijlage 13 en toegekende kleurarcering
A81: phi_eff_up | B81: verwachtingswaarde van de effectieve wrijvingshoek, conform bijlage 13 en toegekende kleurarcering, realistische waarde t.b.v. variatieberekening
A82: cu_low | B82: Laag karakteristieke waarde van de ongedraineerde schuifsterkte, afgeleid o.b.v NEN tabel 2b-1/2b-2 (volgt uiteindelijk via Deltares)
... A89: Vs_up | B89: maximale schuifgolfsnelheid o.b.v. bijlage 24

Sheet Kleurtabel
B1: R | C1: G | D1: B | E1: A
A2: H_Aa_kz | B2: 245 | C2: 245 | D2: 245 | E2: 128 | F2: ="#"&DEC2HEX(E2,2)&DEC2HEX(B2,2)&DEC2HEX(C2,2)&DEC2HEX(D2,2) -> #80F5F5F5
A3: H_Aa_onb_z | B3: 245 | C3: 245 | D3: 244 | E3: 128 | F3: ="#"&DEC2HEX(E3,2)&DEC2HEX(B3,2)&DEC2HEX(C3,2)&DEC2HEX(D3,2) -> #80F5F5F4
A4: H_Aa_z | B4: 245 | C4: 245 | D4: 245 | E4: 128 | F4: ="#"&DEC2HEX(E4,2)&DEC2HEX(B4,2)&DEC2HEX(C4,2)&DEC2HEX(D4,2) -> #80F5F5F5
A5: H_Mg_zf | B5: 196 | C5: 255 | D5: 117 | E5: 128 | F5: ="#"&DEC2HEX(E5,2)&DEC2HEX(B5,2)&DEC2HEX(C5,2)&DEC2HEX(D5,2) -> #80C4FF75
A6: H_Mg_zk | B6: 163 | C6: 255 | D6: 71 | E6: 128 | F6: ="#"&DEC2HEX(E6,2)&DEC2HEX(B6,2)&DEC2HEX(C6,2)&DEC2HEX(D6,2) -> #80A3FF47
A7: H_Mkw_z&k | B7: 153 | C7: 204 | D7: 0 | E7: 128 | F7: ="#"&DEC2HEX(E7,2)&DEC2HEX(B7,2)&DEC2HEX(C7,2)&DEC2HEX(D7,2) -> #8099CC00
A8: H_Mp_k | B8: 0 | C8: 128 | D8: 128 | E8: 128 | F8: ="#"&DEC2HEX(E8,2)&DEC2HEX(B8,2)&DEC2HEX(C8,2)&DEC2HEX(D8,2) -> #80008080
A9: H_Vbv_v | B9: 116 | C9: 39 | D9: 0 | E9: 128 | F9: ="#"&DEC2HEX(E9,2)&DEC2HEX(B9,2)&DEC2HEX(C9,2)&DEC2HEX(D9,2) -> #80742700
A10: H_Vhv_v | B10: 153 | C10: 51 | D10: 0 | E10: 128 | F10: ="#"&DEC2HEX(E10,2)&DEC2HEX(B10,2)&DEC2HEX(C10,2)&DEC2HEX(D10,2) -> #80993300
A11: P_Rbk_z&s_s | B11: 231 | C11: 226 | D11: 0 | E11: 128 | F11: ="#"&DEC2HEX(E11,2)&DEC2HEX(B11,2)&DEC2HEX(C11,2)&DEC2HEX(D11,2) -> #80E7E200
A12: P_Rg_zm | B12: 255 | C12: 204 | D12: 0 | E12: 128 | F12: ="#"&DEC2HEX(E12,2)&DEC2HEX(B12,2)&DEC2HEX(C12,2)&DEC2HEX(D12,2) -> #80FFCC00
A13: P_Wdz_zf | B13: 255 | C13: 255 | D13: 102 | E13: 128 | F13: ="#"&DEC2HEX(E13,2)&DEC2HEX(B13,2)&DEC2HEX(C13,2)&DEC2HEX(D13,2) -> #80FFFF66
... A53: H_Ml_ko | B53: 0 | C53: 111 | D53: 108 | E53: 128 | F53: ="#"&DEC2HEX(E53,2)&DEC2HEX(B53,2)&DEC2HEX(C53,2)&DEC2HEX(D53,2) -> #80006F6C
E54: 0 | F54: ="#"&DEC2HEX(E54,2)&DEC2HEX(B54,2)&DEC2HEX(C54,2)&DEC2HEX(D54,2) -> #00000000
A55: H_Mg_zm | E55: 0 | F55: ="#"&DEC2HEX(E55,2)&DEC2HEX(B55,2)&DEC2HEX(C55,2)&DEC2HEX(D55,2) -> #00000000
A56: H_Mg_zf | E56: 0 | F56: ="#"&DEC2HEX(E56,2)&DEC2HEX(B56,2)&DEC2HEX(C56,2)&DEC2HEX(D56,2) -> #00000000
A57: H_Mg_zk | E57: 0 | F57: ="#"&DEC2HEX(E57,2)&DEC2HEX(B57,2)&DEC2HEX(C57,2)&DEC2HEX(D57,2) -> #00000000
A58: H_Mp_zf | E58: 0 | F58: #00000000
A59: H_Mr_kz_z | E59: 0 | F59: #00000000
A60: H_Mr_kz_k | E60: 0 | F60: #00000000
A61: H_Mkw_z&k | E61: 0 | F61: #00000000
A62: H_Mp_k | E62: 0 | F62: #00000000
A63: H_Mp_ko | E63: 0 | F63: #00000000
A64: H_Ml_ko | E64: 0 | F64: #00000000
A65: H_Eg_zm_z | E65: 0 | F65: #00000000
A66: H_Eg_zm_k | E66: 0 | F66: #00000000
A67: H_Eg_z&k_k | E67: 0 | F67: #00000000
A68: H_Eg_z&k_z | E68: 0 | F68: #00000000
A69: H_Rg_zg | E69: 0 | F69: #00000000
... A118: K_Mm_s | E118: 0 | F118: #00000000

Sheet stochastic_parameters_LN
A2: Stochastic parameters for log-normal disributions back-calculated from Tabel
A4: color legend:
A5: copied from tabel
A6: back-calculated
A7: manual
A8: SOS Code | F8: γd [kN/m3] | N8: γn [kN/m3] | V8: phi [kN/m3] | AD8: S [kN/m3] | AL8: m [kN/m3] | AT8: POP [kN/m3] | BB8: Su_min / cu_min [kPa] | BF8: scipy.stats | BJ8: vs [kN/m3]
E9: LNA-based colorscale | F9: char_low (= 5%) | G9: char_high (= 95%) | H9: mu_lnX | I9: sig_ln(X) (=s) | J9: median (=scale) | K9: mean | L9: st.dev | M9: CoV | N9: char_low (= 5%) | O9: char_high (= 95%) | P9: mu_ln(X) | Q9: sig_ln(X) (=s) | R9: median (=scale) | S9: mean | T9: st.dev | U9: CoV | V9: char_low (= 5%) | W9: char_high (= 95%) | X9: mu_ln(X) | Y9: sig_ln(X) (=s) | Z9: median (=scale) | AA9: mean | AB9: st.dev | AC9: CoV | AD9: char_low (= 5%) | AE9: char_high (= 95%) | AF9: mu_ln(X) | AG9: sig_ln(X) (=s) | AH9: median (=scale) | AI9: mean | AJ9: st.dev | AK9: CoV | AL9: char_low (= 5%) | AM9: char_high (= 95%) | AN9: mu_ln(X) | AO9: sig_ln(X) (=s) | AP9: median (=scale) | AQ9: mean | AR9: st.dev | AS9: CoV | AT9: char_low (= 5%) | AU9: char_high (= 95%) | AV9: mu_ln(X) | AW9: sig_ln(X) (=s) | AX9: median (=scale) | AY9: mean | AZ9: st.dev | BA9: CoV | BB9: char_low (= 5%) | BC9: char_high (= 95%) | BD9: mu_ln(X) | BE9: sig_ln(X) (=s) | BF9: median (=scale) | BG9: mean | BH9: st.dev | BI9: CoV | BJ9: char_low (= 5%) | BK9: char_high (= 95%) | BL9: mu_lnX | BM9: sig_ln(X) (=s) | BN9: median (=scale) | BO9: mean | BP9: st.dev | BQ9: CoV
C10: tabelkolom | F10: 7 | G10: 8 | H10: - | I10: - | K10: - | L10: - | M10: - | N10: 9 | O10: 10 | P10: - | Q10: - | S10: - | T10: - | U10: - | V10: 14 | X10: - | Y10: - | AA10: 15 | AB10: - | AC10: - | AD10: 21 | AF10: - | AG10: - | AI10: 22 | AJ10: - | AK10: - | AL10: 23 | AN10: - | AO10: - | AQ10: 24 | AR10: - | AS10: - | AT10: 25 | AV10: - | AW10: - | AY10: 26 | AZ10: - | BA10: - | BB10: 17 | BD10: - | BE10: - | BG10: X | BH10: - | BI10: - | BJ10: 27 | BK10: 28 | BL10: - | BM10: - | BO10: - | BP10: - | BQ10: -
A11: Code | B11: mapping | C11: empty | D11: shading | E11: color | F11: gamma_dry_char_low | G11: gamma_dry_char_high | H11: gamma_dry_mu | I11: gamma_dry_sig | J11: gamma_dry_median | K11: gamma_dry_mean | L11: gamma_dry_std | M11: gamma_dry_cov | N11: gamma_wet_char_low | O11: gamma_wet_char_high | P11: gamma_wet_mu | Q11: gamma_wet_sig | R11: gamma_wet_median | S11: gamma_wet_mean | T11: gamma_wet_std | U11: gamma_wet_cov | V11: phi_char_low | W11: phi_char_high | X11: phi_mu | Y11: phi_sig | Z11: phi_median | AA11: phi_mean | AB11: phi_std | AC11: phi_cov | AD11: S_char_low | AE11: S_char_high | AF11: S_mu | AG11: S_sig | AH11: S_median | AI11: S_mean | AJ11: S_std | AK11: S_cov | AL11: m_char_low | AM11: m_char_high | AN11: m_mu | AO11: m_sig | AP11: m_median | AQ11: m_mean | AR11: m_std | AS11: m_cov | AT11: POP_char_low | AU11: POP_char_high | AV11: POP_mu | AW11: POP_sig | AX11: POP_median | AY11: POP_mean | AZ11: POP_std | BA11: POP_cov | BB11: Sumin_char_low | BC11: Sumin_char_high | BD11: Sumin_mu | BE11: Sumin_sig | BF11: Sumin_median | BG11: Sumin_mean | BH11: Sumin_std | BI11: Sumin_cov | BJ11: vs_char_low | BK11: vs_char_high | BL11: vs_mu | BM11: vs_sig | BN11: vs_median | BO11: vs_mean | BP11: vs_std | BQ11: vs_cov
A12: H_Mg_zm | B12: TABLE | E12: =VLOOKUP(A12,Kleurtabel!$A$2:$F$822,6,FALSE) -> #80F2DD40 | F12: =VLOOKUP($A12,TABEL,F$10,FALSE) -> 18 | G12: =VLOOKUP($A12,TABEL,G$10,FALSE) -> 19 | H12: =(LN(G12)+LN(F12))/2 -> 2.9174054 | I12: =(LN(G12)-LN(F12))/(2*1.645) -> 0.016433806 | J12: =IF(F12="-","-",EXP(H12)) -> 18.493242 | K12: =EXP(H12+I12*I12/2) -> 18.495739 | L12: =SQRT((EXP(I12*I12)-1)*EXP(2*H12+I12*I12)) -> 0.30397591 | M12: =L12/K12 -> 0.016434915 | N12: =VLOOKUP($A12,TABEL,N$10,FALSE) -> 20 | O12: =VLOOKUP($A12,TABEL,O$10,FALSE) -> 21 | P12: =(LN(O12)+LN(N12))/2 -> 3.0201274 | Q12: =(LN(O12)-LN(N12))/(2*1.645) -> 0.014829837 | R12: =EXP(P12) -> 20.493902 | S12: =EXP(P12+Q12*Q12/2) -> 20.496155 | T12: =SQRT((EXP(Q12*Q12)-1)*EXP(2*P12+Q12*Q12)) -> 0.30397136 | U12: =T12/S12 -> 0.014830653 | V12: =VLOOKUP($A12,TABEL,V$10,FALSE)/2+AA12/2 -> 33.2 | W12: =IF(V12="-","-",EXP(X12+1.645*Y12)) -> 34.812046 | X12: =IF(V12="-","-",LN(AA12)-Y12*Y12/2) -> 3.5262567 | Y12: =IF(V12="-","-",(SQRT(1.645^2+2*LN(AA12/V12))-1.645)) -> 0.014411431 | Z12: =IF(V12="-","-",EXP(X12)) -> 33.996469 | AA12: =VLOOKUP($A12,TABEL,AA$10,FALSE) -> 34 | AB12: =IF(V12="-","-",SQRT((EXP(Y12*Y12)-1)*EXP(2*X12+Y12*Y12))) -> 0.4900141 | AC12: =IF(V12="-","-",AB12/AA12) -> 0.014412179 | AD12: =VLOOKUP($A12,TABEL,AD$10,FALSE) -> - | AE12: =IF(AD12="-","-",EXP(AF12+1.645*AG12)) -> - | AF12: =IF(AD12="-","-",LN(AI12)-AG12*AG12/2) -> - | AG12: =IF(AD12="-","-",(SQRT(1.645^2+2*LN(AI12/AD12))-1.645)) -> - | AH12: =IF(AD12="-","-",EXP(AF12)) -> - | AI12: =VLOOKUP($A12,TABEL,AI$10,FALSE) -> - | AJ12: =IF(AD12="-","-",SQRT((EXP(AG12*AG12)-1)*EXP(2*AF12+AG12*AG12))) -> - | AK12: =IF(AD12="-","-",AJ12/AI12) -> - | AL12: =VLOOKUP($A12,TABEL,AL$10,FALSE) -> - | AM12: =IF(AL12="-","-",EXP(AN12+1.645*AO12)) -> - | AN12: =IF(AL12="-","-",LN(AQ12)-AO12*AO12/2) -> - | AO12: =IF(AL12="-","-",(SQRT(1.645^2+2*LN(AQ12/AL12))-1.645)) -> - | AP12: =IF(AL12="-","-",EXP(AN12)) -> - | AQ12: =VLOOKUP($A12,TABEL,AQ$10,FALSE) -> - | AR12: =IF(AL12="-","-",SQRT((EXP(AO12*AO12)-1)*EXP(2*AN12+AO12*AO12))) -> - | AS12: =IF(AL12="-","-",AR12/AQ12) -> - | AT12: =VLOOKUP($A12,TABEL,AT$10,FALSE) -> - | AU12: =IF(AT12="-","-",EXP(AV12+1.645*AW12)) -> - | AV12: =IF(AT12="-","-",LN(AY12)-AW12*AW12/2) -> - | AW12: =IF(AT12="-","-",(SQRT(1.645^2+2*LN(AY12/AT12))-1.645)) -> - | AX12: =IF(AT12="-","-",EXP(AV12)) -> - | AY12: =VLOOKUP($A12,TABEL,AY$10,FALSE) -> - | AZ12: =IF(AT12="-","-",SQRT((EXP(AW12*AW12)-1)*EXP(2*AV12+AW12*AW12))) -> - | BA12: =IF(AT12="-","-",AZ12/AY12) -> - | BB12: =VLOOKUP($A12,TABEL,BB$10,FALSE) -> - | BC12: =IF(BB12="-","-",EXP(BD12+1.645*BE12)) -> - | BD12: =IF(BB12="-","-",LN(BG12)-BE12*BE12/2) -> - | BE12: =IF(BB12="-","-",(SQRT(1.645^2+2*LN(BG12/BB12))-1.645)) -> - | BF12: =IF(BB12="-","-",EXP(BD12)) -> - | BG12: =BB12 -> - | BH12: =IF(BB12="-","-",SQRT((EXP(BE12*BE12)-1)*EXP(2*BD12+BE12*BE12))) -> - | BI12: =IF(BB12="-","-",BH12/BG12) -> - | BJ12: =VLOOKUP($A12,TABEL,BJ$10,FALSE) -> 103 | BK12: =VLOOKUP($A12,TABEL,BK$10,FALSE) -> 103 | BL12: =(LN(BK12)+LN(BJ12))/2 -> 4.634729 | BM12: =(LN(BK12)-LN(BJ12))/(2*1.645) -> 0 | BN12: =IF(BJ12="-","-",EXP(BL12)) -> 103 | BO12: =EXP(BL12+BM12*BM12/2) -> 103 | BP12: =SQRT((EXP(BM12*BM12)-1)*EXP(2*BL12+BM12*BM12)) -> 0 | BQ12: =BP12/BO12 -> 0
A13: H_Mg_zf | B13: TABLE | E13: =VLOOKUP(A13,Kleurtabel!$A$2:$F$822,6,FALSE) -> #80C4FF75 | F13: =VLOOKUP($A13,TABEL,F$10,FALSE) -> 18 | G13: =VLOOKUP($A13,TABEL,G$10,FALSE) -> 19 | H13: =(LN(G13)+LN(F13))/2 -> 2.9174054 | I13: =(LN(G13)-LN(F13))/(2*1.645) -> 0.016433806 | J13: =IF(F13="-","-",EXP(H13)) -> 18.493242 | K13: =EXP(H13+I13*I13/2) -> 18.495739 | L13: =SQRT((EXP(I13*I13)-1)*EXP(2*H13+I13*I13)) -> 0.30397591 | M13: =L13/K13 -> 0.016434915 | N13: =VLOOKUP($A13,TABEL,N$10,FALSE) -> 20 | O13: =VLOOKUP($A13,TABEL,O$10,FALSE) -> 21 | P13: =(LN(O13)+LN(N13))/2 -> 3.0201274 | Q13: =(LN(O13)-LN(N13))/(2*1.645) -> 0.014829837 | R13: =EXP(P13) -> 20.493902 | S13: =EXP(P13+Q13*Q13/2) -> 20.496155 | T13: =SQRT((EXP(Q13*Q13)-1)*EXP(2*P13+Q13*Q13)) -> 0.30397136 | U13: =T13/S13 -> 0.014830653 | V13: =VLOOKUP($A13,TABEL,V$10,FALSE)/2+AA13/2 -> 30.95 | W13: =IF(V13="-","-",EXP(X13+1.645*Y13)) -> 33.072181 | X13: =IF(V13="-","-",LN(AA13)-Y13*Y13/2) -> 3.4655327 | Y13: =IF(V13="-","-",(SQRT(1.645^2+2*LN(AA13/V13))-1.645)) -> 0.020157893 | Z13: =IF(V13="-","-",EXP(X13)) -> 31.993499 | AA13: =VLOOKUP($A13,TABEL,AA$10,FALSE) -> 32 | AB13: =IF(V13="-","-",SQRT((EXP(Y13*Y13)-1)*EXP(2*X13+Y13*Y13))) -> 0.6451181 | AC13: =IF(V13="-","-",AB13/AA13) -> 0.020159941 | AD13: =VLOOKUP($A13,TABEL,AD$10,FALSE) -> - | AE13: =IF(AD13="-","-",EXP(AF13+1.645*AG13)) -> - | AF13: =IF(AD13="-","-",LN(AI13)-AG13*AG13/2) -> - | AG13: =IF(AD13="-","-",(SQRT(1.645^2+2*LN(AI13/AD13))-1.645)) -> - | AH13: =IF(AD13="-","-",EXP(AF13)) -> - | AI13: =VLOOKUP($A13,TABEL,AI$10,FALSE) -> - | AJ13: =IF(AD13="-","-",SQRT((EXP(AG13*AG13)-1)*EXP(2*AF13+AG13*AG13))) -> - | AK13: =IF(AD13="-","-",AJ13/AI13) -> - | AL13: =VLOOKUP($A13,TABEL,AL$10,FALSE) -> - | AM13: =IF(AL13="-","-",EXP(AN13+1.645*AO13)) -> - | AN13: =IF(AL13="-","-",LN(AQ13)-AO13*AO13/2) -> - | AO13: =IF(AL13="-","-",(SQRT(1.645^2+2*LN(AQ13/AL13))-1.645)) -> - | AP13: =IF(AL13="-","-",EXP(AN13)) -> - | AQ13: =VLOOKUP($A13,TABEL,AQ$10,FALSE) -> - | AR13: =IF(AL13="-","-",SQRT((EXP(AO13*AO13)-1)*EXP(2*AN13+AO13*AO13))) -> - | AS13: =IF(AL13="-","-",AR13/AQ13) -> - | AT13: =VLOOKUP($A13,TABEL,AT$10,FALSE) -> - | AU13: =IF(AT13="-","-",EXP(AV13+1.645*AW13)) -> - | AV13: =IF(AT13="-","-",LN(AY13)-AW13*AW13/2) -> - | AW13: =IF(AT13="-","-",(SQRT(1.645^2+2*LN(AY13/AT13))-1.645)) -> - | AX13: =IF(AT13="-","-",EXP(AV13)) -> - | AY13: =VLOOKUP($A13,TABEL,AY$10,FALSE) -> - | AZ13: =IF(AT13="-","-",SQRT((EXP(AW13*AW13)-1)*EXP(2*AV13+AW13*AW13))) -> - | BA13: =IF(AT13="-","-",AZ13/AY13) -> - | BB13: =VLOOKUP($A13,TABEL,BB$10,FALSE) -> - | BC13: =IF(BB13="-","-",EXP(BD13+1.645*BE13)) -> - | BD13: =IF(BB13="-","-",LN(BG13)-BE13*BE13/2) -> - | BE13: =IF(BB13="-","-",(SQRT(1.645^2+2*LN(BG13/BB13))-1.645)) -> - | BF13: =IF(BB13="-","-",EXP(BD13)) -> - | BG13: =BB13 -> - | BH13: =IF(BB13="-","-",SQRT((EXP(BE13*BE13)-1)*EXP(2*BD13+BE13*BE13))) -> - | BI13: =IF(BB13="-","-",BH13/BG13) -> - | BJ13: =VLOOKUP($A13,TABEL,BJ$10,FALSE) -> 103 | BK13: =VLOOKUP($A13,TABEL,BK$10,FALSE) -> 103 | BL13: =(LN(BK13)+LN(BJ13))/2 -> 4.634729 | BM13: =(LN(BK13)-LN(BJ13))/(2*1.645) -> 0 | BN13: =IF(BJ13="-","-",EXP(BL13)) -> 103 | BO13: =EXP(BL13+BM13*BM13/2) -> 103 | BP13: =SQRT((EXP(BM13*BM13)-1)*EXP(2*BL13+BM13*BM13)) -> 0 | BQ13: =BP13/BO13 -> 0
A14: H_Mg_zk | B14: TABLE | E14: =VLOOKUP(A14,Kleurtabel!$A$2:$F$822,6,FALSE) -> #80A3FF47 | F14: =VLOOKUP($A14,TABEL,F$10,FALSE) -> 18 | G14: =VLOOKUP($A14,TABEL,G$10,FALSE) -> 19 | H14: =(LN(G14)+LN(F14))/2 -> 2.9174054 | I14: =(LN(G14)-LN(F14))/(2*1.645) -> 0.016433806 | J14: =IF(F14="-","-",EXP(H14)) -> 18.493242 | K14: =EXP(H14+I14*I14/2) -> 18.495739 | L14: =SQRT((EXP(I14*I14)-1)*EXP(2*H14+I14*I14)) -> 0.30397591 | M14: =L14/K14 -> 0.016434915 | N14: =VLOOKUP($A14,TABEL,N$10,FALSE) -> 20 | O14: =VLOOKUP($A14,TABEL,O$10,FALSE) -> 21 | P14: =(LN(O14)+LN(N14))/2 -> 3.0201274 | Q14: =(LN(O14)-LN(N14))/(2*1.645) -> 0.014829837 | R14: =EXP(P14) -> 20.493902 | S14: =EXP(P14+Q14*Q14/2) -> 20.496155 | T14: =SQRT((EXP(Q14*Q14)-1)*EXP(2*P14+Q14*Q14)) -> 0.30397136 | U14: =T14/S14 -> 0.014830653 | V14: =VLOOKUP($A14,TABEL,V$10,FALSE)/2+AA14/2 -> 30.95 | W14: =IF(V14="-","-",EXP(X14+1.645*Y14)) -> 33.072181 | X14: =IF(V14="-","-",LN(AA14)-Y14*Y14/2) -> 3.4655327 | Y14: =IF(V14="-","-",(SQRT(1.645^2+2*LN(AA14/V14))-1.645)) -> 0.020157893 | Z14: =IF(V14="-","-",EXP(X14)) -> 31.993499 | AA14: =VLOOKUP($A14,TABEL,AA$10,FALSE) -> 32 | AB14: =IF(V14="-","-",SQRT((EXP(Y14*Y14)-1)*EXP(2*X14+Y14*Y14))) -> 0.6451181 | AC14: =IF(V14="-","-",AB14/AA14) -> 0.020159941 | AD14: =VLOOKUP($A14,TABEL,AD$10,FALSE) -> - | AE14: =IF(AD14="-","-",EXP(AF14+1.645*AG14)) -> - | AF14: =IF(AD14="-","-",LN(AI14)-AG14*AG14/2) -> - | AG14: =IF(AD14="-","-",(SQRT(1.645^2+2*LN(AI14/AD14))-1.645)) -> - | AH14: =IF(AD14="-","-",EXP(AF14)) -> - | AI14: =VLOOKUP($A14,TABEL,AI$10,FALSE) -> - | AJ14: =IF(AD14="-","-",SQRT((EXP(AG14*AG14)-1)*EXP(2*AF14+AG14*AG14))) -> - | AK14: =IF(AD14="-","-",AJ14/AI14) -> - | AL14: =VLOOKUP($A14,TABEL,AL$10,FALSE) -> - | AM14: =IF(AL14="-","-",EXP(AN14+1.645*AO14)) -> - | AN14: =IF(AL14="-","-",LN(AQ14)-AO14*AO14/2) -> - | AO14: =IF(AL14="-","-",(SQRT(1.645^2+2*LN(AQ14/AL14))-1.645)) -> - | AP14: =IF(AL14="-","-",EXP(AN14)) -> - | AQ14: =VLOOKUP($A14,TABEL,AQ$10,FALSE) -> - | AR14: =IF(AL14="-","-",SQRT((EXP(AO14*AO14)-1)*EXP(2*AN14+AO14*AO14))) -> - | AS14: =IF(AL14="-","-",AR14/AQ14) -> - | AT14: =VLOOKUP($A14,TABEL,AT$10,FALSE) -> - | AU14: =IF(AT14="-","-",EXP(AV14+1.645*AW14)) -> - | AV14: =IF(AT14="-","-",LN(AY14)-AW14*AW14/2) -> - | AW14: =IF(AT14="-","-",(SQRT(1.645^2+2*LN(AY14/AT14))-1.645)) -> - | AX14: =IF(AT14="-","-",EXP(AV14)) -> - | AY14: =VLOOKUP($A14,TABEL,AY$10,FALSE) -> - | AZ14: =IF(AT14="-","-",SQRT((EXP(AW14*AW14)-1)*EXP(2*AV14+AW14*AW14))) -> - | BA14: =IF(AT14="-","-",AZ14/AY14) -> - | BB14: =VLOOKUP($A14,TABEL,BB$10,FALSE) -> - | BC14: =IF(BB14="-","-",EXP(BD14+1.645*BE14)) -> - | BD14: =IF(BB14="-","-",LN(BG14)-BE14*BE14/2) -> - | BE14: =IF(BB14="-","-",(SQRT(1.645^2+2*LN(BG14/BB14))-1.645)) -> - | BF14: =IF(BB14="-","-",EXP(BD14)) -> - | BG14: =BB14 -> - | BH14: =IF(BB14="-","-",SQRT((EXP(BE14*BE14)-1)*EXP(2*BD14+BE14*BE14))) -> - | BI14: =IF(BB14="-","-",BH14/BG14) -> - | BJ14: =VLOOKUP($A14,TABEL,BJ$10,FALSE) -> 103 | BK14: =VLOOKUP($A14,TABEL,BK$10,FALSE) -> 103 | BL14: =(LN(BK14)+LN(BJ14))/2 -> 4.634729 | BM14: =(LN(BK14)-LN(BJ14))/(2*1.645) -> 0 | BN14: =IF(BJ14="-","-",EXP(BL14)) -> 103 | BO14: =EXP(BL14+BM14*BM14/2) -> 103 | BP14: =SQRT((EXP(BM14*BM14)-1)*EXP(2*BL14+BM14*BM14)) -> 0 | BQ14: =BP14/BO14 -> 0
A15: H_Mp_zf | B15: TABLE | E15: =VLOOKUP(A15,Kleurtabel!$A$2:$F$822,6,FALSE) -> #8033CCCC | F15: =VLOOKUP($A15,TABEL,F$10,FALSE) -> 17 | G15: =VLOOKUP($A15,TABEL,G$10,FALSE) -> 18 | H15: =(LN(G15)+LN(F15))/2 -> 2.8617926 | I15: =(LN(G15)-LN(F15))/(2*1.645) -> 0.017373378 | J15: =IF(F15="-","-",EXP(H15)) -> 17.492856 | K15: =EXP(H15+I15*I15/2) -> 17.495496 | L15: =SQRT((EXP(I15*I15)-1)*EXP(2*H15+I15*I15)) -> 0.3039788 | M15: =L15/K15 -> 0.017374689 | N15: =VLOOKUP($A15,TABEL,N$10,FALSE) -> 19 | O15: =VLOOKUP($A15,TABEL,O$10,FALSE) -> 20 | P15: =(LN(O15)+LN(N15))/2 -> 2.9700856 | Q15: =(LN(O15)-LN(N15))/(2*1.645) -> 0.015590667 | R15: =EXP(P15) -> 19.493589 | S15: =EXP(P15+Q15*Q15/2) -> 19.495958 | T15: =SQRT((EXP(Q15*Q15)-1)*EXP(2*P15+Q15*Q15)) -> 0.30397346 | U15: =T15/S15 -> 0.015591614 | V15: =VLOOKUP($A15,TABEL,V$10,FALSE)/2+AA15/2 -> 30.95 | W15: =IF(V15="-","-",EXP(X15+1.645*Y15)) -> 33.072181 | X15: =IF(V15="-","-",LN(AA15)-Y15*Y15/2) -> 3.4655327 | Y15: =IF(V15="-","-",(SQRT(1.645^2+2*LN(AA15/V15))-1.645)) -> 0.020157893 | Z15: =IF(V15="-","-",EXP(X15)) -> 31.993499 | AA15: =VLOOKUP($A15,TABEL,AA$10,FALSE) -> 32 | AB15: =IF(V15="-","-",SQRT((EXP(Y15*Y15)-1)*EXP(2*X15+Y15*Y15))) -> 0.6451181 | AC15: =IF(V15="-","-",AB15/AA15) -> 0.020159941 | AD15: =VLOOKUP($A15,TABEL,AD$10,FALSE) -> - | AE15: =IF(AD15="-","-",EXP(AF15+1.645*AG15)) -> - | AF15: =IF(AD15="-","-",LN(AI15)-AG15*AG15/2) -> - | AG15: =IF(AD15="-","-",(SQRT(1.645^2+2*LN(AI15/AD15))-1.645)) -> - | AH15: =IF(AD15="-","-",EXP(AF15)) -> - | AI15: =VLOOKUP($A15,TABEL,AI$10,FALSE) -> - | AJ15: =IF(AD15="-","-",SQRT((EXP(AG15*AG15)-1)*EXP(2*AF15+AG15*AG15))) -> - | AK15: =IF(AD15="-","-",AJ15/AI15) -> - | AL15: =VLOOKUP($A15,TABEL,AL$10,FALSE) -> - | AM15: =IF(AL15="-","-",EXP(AN15+1.645*AO15)) -> - | AN15: =IF(AL15="-","-",LN(AQ15)-AO15*AO15/2) -> - | AO15: =IF(AL15="-","-",(SQRT(1.645^2+2*LN(AQ15/AL15))-1.645)) -> - | AP15: =IF(AL15="-","-",EXP(AN15)) -> - | AQ15: =VLOOKUP($A15,TABEL,AQ$10,FALSE) -> - | AR15: =IF(AL15="-","-",SQRT((EXP(AO15*AO15)-1)*EXP(2*AN15+AO15*AO15))) -> - | AS15: =IF(AL15="-","-",AR15/AQ15) -> - | AT15: =VLOOKUP($A15,TABEL,AT$10,FALSE) -> - | AU15: =IF(AT15="-","-",EXP(AV15+1.645*AW15)) -> - | AV15: =IF(AT15="-","-",LN(AY15)-AW15*AW15/2) -> - | AW15: =IF(AT15="-","-",(SQRT(1.645^2+2*LN(AY15/AT15))-1.645)) -> - | AX15: =IF(AT15="-","-",EXP(AV15)) -> - | AY15: =VLOOKUP($A15,TABEL,AY$10,FALSE) -> - | AZ15: =IF(AT15="-","-",SQRT((EXP(AW15*AW15)-1)*EXP(2*AV15+AW15*AW15))) -> - | BA15: =IF(AT15="-","-",AZ15/AY15) -> - | BB15: =VLOOKUP($A15,TABEL,BB$10,FALSE) -> - | BC15: =IF(BB15="-","-",EXP(BD15+1.645*BE15)) -> - | BD15: =IF(BB15="-","-",LN(BG15)-BE15*BE15/2) -> - | BE15: =IF(BB15="-","-",(SQRT(1.645^2+2*LN(BG15/BB15))-1.645)) -> - | BF15: =IF(BB15="-","-",EXP(BD15)) -> - | BG15: =BB15 -> - | BH15: =IF(BB15="-","-",SQRT((EXP(BE15*BE15)-1)*EXP(2*BD15+BE15*BE15))) -> - | BI15: =IF(BB15="-","-",BH15/BG15) -> - | BJ15: =VLOOKUP($A15,TABEL,BJ$10,FALSE) -> 103 | BK15: =VLOOKUP($A15,TABEL,BK$10,FALSE) -> 103 | BL15: =(LN(BK15)+LN(BJ15))/2 -> 4.634729 | BM15: =(LN(BK15)-LN(BJ15))/(2*1.645) -> 0 | BN15: =IF(BJ15="-","-",EXP(BL15)) -> 103 | BO15: =EXP(BL15+BM15*BM15/2) -> 103 | BP15: =SQRT((EXP(BM15*BM15)-1)*EXP(2*BL15+BM15*BM15)) -> 0 | BQ15: =BP15/BO15 -> 0
A16: H_Mr_kz_z | B16: SILTY_CLAY | E16: =VLOOKUP(A16,Kleurtabel!$A$2:$F$822,6,FALSE) -> #80008080 | F16: =VLOOKUP($A16,TABEL,F$10,FALSE) -> 18 | G16: =VLOOKUP($A16,TABEL,G$10,FALSE) -> 19 | H16: =(LN(G16)+LN(F16))/2 -> 2.9174054 | I16: =(LN(G16)-LN(F16))/(2*1.645) -> 0.016433806 | J16: =IF(F16="-","-",EXP(H16)) -> 18.493242 | K16: =EXP(H16+I16*I16/2) -> 18.495739 | L16: =SQRT((EXP(I16*I16)-1)*EXP(2*H16+I16*I16)) -> 0.30397591 | M16: =L16/K16 -> 0.016434915 | N16: =VLOOKUP($A16,TABEL,N$10,FALSE) -> 20 | O16: =VLOOKUP($A16,TABEL,O$10,FALSE) -> 21 | P16: =(LN(O16)+LN(N16))/2 -> 3.0201274 | Q16: =(LN(O16)-LN(N16))/(2*1.645) -> 0.014829837 | R16: =EXP(P16) -> 20.493902 | S16: =EXP(P16+Q16*Q16/2) -> 20.496155 | T16: =SQRT((EXP(Q16*Q16)-1)*EXP(2*P16+Q16*Q16)) -> 0.30397136 | U16: =T16/S16 -> 0.014830653 | V16: =VLOOKUP($A16,TABEL,V$10,FALSE)/2+AA16/2 -> 30.95 | W16: =IF(V16="-","-",EXP(X16+1.645*Y16)) -> 33.072181 | X16: =IF(V16="-","-",LN(AA16)-Y16*Y16/2) -> 3.4655327 | Y16: =IF(V16="-","-",(SQRT(1.645^2+2*LN(AA16/V16))-1.645)) -> 0.020157893 | Z16: =IF(V16="-","-",EXP(X16)) -> 31.993499 | AA16: =VLOOKUP($A16,TABEL,AA$10,FALSE) -> 32 | AB16: =IF(V16="-","-",SQRT((EXP(Y16*Y16)-1)*EXP(2*X16+Y16*Y16))) -> 0.6451181 | AC16: =IF(V16="-","-",AB16/AA16) -> 0.020159941 | AD16: =VLOOKUP($A16,TABEL,AD$10,FALSE) -> - | AE16: =IF(AD16="-","-",EXP(AF16+1.645*AG16)) -> - | AF16: =IF(AD16="-","-",LN(AI16)-AG16*AG16/2) -> - | AG16: =IF(AD16="-","-",(SQRT(1.645^2+2*LN(AI16/AD16))-1.645)) -> - | AH16: =IF(AD16="-","-",EXP(AF16)) -> - | AI16: =VLOOKUP($A16,TABEL,AI$10,FALSE) -> - | AJ16: =IF(AD16="-","-",SQRT((EXP(AG16*AG16)-1)*EXP(2*AF16+AG16*AG16))) -> - | AK16: =IF(AD16="-","-",AJ16/AI16) -> - | AL16: =VLOOKUP($A16,TABEL,AL$10,FALSE) -> - | AM16: =IF(AL16="-","-",EXP(AN16+1.645*AO16)) -> - | AN16: =IF(AL16="-","-",LN(AQ16)-AO16*AO16/2) -> - | AO16: =IF(AL16="-","-",(SQRT(1.645^2+2*LN(AQ16/AL16))-1.645)) -> - | AP16: =IF(AL16="-","-",EXP(AN16)) -> - | AQ16: =VLOOKUP($A16,TABEL,AQ$10,FALSE) -> - | AR16: =IF(AL16="-","-",SQRT((EXP(AO16*AO16)-1)*EXP(2*AN16+AO16*AO16))) -> - | AS16: =IF(AL16="-","-",AR16/AQ16) -> - | AT16: =VLOOKUP($A16,TABEL,AT$10,FALSE) -> - | AU16: =IF(AT16="-","-",EXP(AV16+1.645*AW16)) -> - | AV16: =IF(AT16="-","-",LN(AY16)-AW16*AW16/2) -> - | AW16: =IF(AT16="-","-",(SQRT(1.645^2+2*LN(AY16/AT16))-1.645)) -> - | AX16: =IF(AT16="-","-",EXP(AV16)) -> - | AY16: =VLOOKUP($A16,TABEL,AY$10,FALSE) -> - | AZ16: =IF(AT16="-","-",SQRT((EXP(AW16*AW16)-1)*EXP(2*AV16+AW16*AW16))) -> - | BA16: =IF(AT16="-","-",AZ16/AY16) -> - | BB16: =VLOOKUP($A16,TABEL,BB$10,FALSE) -> - | BC16: =IF(BB16="-","-",EXP(BD16+1.645*BE16)) -> - | BD16: =IF(BB16="-","-",LN(BG16)-BE16*BE16/2) -> - | BE16: =IF(BB16="-","-",(SQRT(1.645^2+2*LN(BG16/BB16))-1.645)) -> - | BF16: =IF(BB16="-","-",EXP(BD16)) -> - | BG16: =BB16 -> - | BH16: =IF(BB16="-","-",SQRT((EXP(BE16*BE16)-1)*EXP(2*BD16+BE16*BE16))) -> - | BI16: =IF(BB16="-","-",BH16/BG16) -> - | BJ16: =VLOOKUP($A16,TABEL,BJ$10,FALSE) -> 103 | BK16: =VLOOKUP($A16,TABEL,BK$10,FALSE) -> 103 | BL16: =(LN(BK16)+LN(BJ16))/2 -> 4.634729 | BM16: =(LN(BK16)-LN(BJ16))/(2*1.645) -> 0 | BN16: =IF(BJ16="-","-",EXP(BL16)) -> 103 | BO16: =EXP(BL16+BM16*BM16/2) -> 103 | BP16: =SQRT((EXP(BM16*BM16)-1)*EXP(2*BL16+BM16*BM16)) -> 0 | BQ16: =BP16/BO16 -> 0
A17: H_Mr_kz_k | B17: SILTY_CLAY | E17: =VLOOKUP(A17,Kleurtabel!$A$2:$F$822,6,FALSE) -> #80008080 | F17: =VLOOKUP($A17,TABEL,F$10,FALSE) -> 15 | G17: =VLOOKUP($A17,TABEL,G$10,FALSE) -> 18 | H17: =(LN(G17)+LN(F17))/2 -> 2.799211 | I17: =(LN(G17)-LN(F17))/(2*1.645) -> 0.055416887 | J17: =IF(F17="-","-",EXP(H17)) -> 16.431677 | K17: =EXP(H17+I17*I17/2) -> 16.456927 | L17: =SQRT((EXP(I17*I17)-1)*EXP(2*H17+I17*I17)) -> 0.9126923 | M17: =L17/K17 -> 0.055459461 | N17: =VLOOKUP($A17,TABEL,N$10,FALSE) -> 15 | O17: =VLOOKUP($A17,TABEL,O$10,FALSE) -> 18 | P17: =(LN(O17)+LN(N17))/2 -> 2.799211 | Q17: =(LN(O17)-LN(N17))/(2*1.645) -> 0.055416887 | R17: =EXP(P17) -> 16.431677 | S17: =EXP(P17+Q17*Q17/2) -> 16.456927 | T17: =SQRT((EXP(Q17*Q17)-1)*EXP(2*P17+Q17*Q17)) -> 0.9126923 | U17: =T17/S17 -> 0.055459461 | V17: =VLOOKUP($A17,TABEL,V$10,FALSE)/2+AA17/2 -> 30.95 | W17: =IF(V17="-","-",EXP(X17+1.645*Y17)) -> 33.072181 | X17: =IF(V17="-","-",LN(AA17)-Y17*Y17/2) -> 3.4655327 | Y17: =IF(V17="-","-",(SQRT(1.645^2+2*LN(AA17/V17))-1.645)) -> 0.020157893 | Z17: =IF(V17="-","-",EXP(X17)) -> 31.993499 | AA17: =VLOOKUP($A17,TABEL,AA$10,FALSE) -> 32 | AB17: =IF(V17="-","-",SQRT((EXP(Y17*Y17)-1)*EXP(2*X17+Y17*Y17))) -> 0.6451181 | AC17: =IF(V17="-","-",AB17/AA17) -> 0.020159941 | AD17: =VLOOKUP($A17,TABEL,AD$10,FALSE) -> 0.259 | AE17: =IF(AD17="-","-",EXP(AF17+1.645*AG17)) -> 0.26502181 | AF17: =IF(AD17="-","-",LN(AI17)-AG17*AG17/2) -> -1.3394352 | AG17: =IF(AD17="-","-",(SQRT(1.645^2+2*LN(AI17/AD17))-1.645)) -> 0.0069860424 | AH17: =IF(AD17="-","-",EXP(AF17)) -> 0.26199361 | AI17: =VLOOKUP($A17,TABEL,AI$10,FALSE) -> 0.262 | AJ17: =IF(AD17="-","-",SQRT((EXP(AG17*AG17)-1)*EXP(2*AF17+AG17*AG17))) -> 0.0018303654 | AK17: =IF(AD17="-","-",AJ17/AI17) -> 0.0069861276 | AL17: =VLOOKUP($A17,TABEL,AL$10,FALSE) -> 0.892 | AM17: =IF(AL17="-","-",EXP(AN17+1.645*AO17)) -> 0.90804509 | AN17: =IF(AL17="-","-",LN(AQ17)-AO17*AO17/2) -> -0.1053752 | AO17: =IF(AL17="-","-",(SQRT(1.645^2+2*LN(AQ17/AL17))-1.645)) -> 0.005418814 | AP17: =IF(AL17="-","-",EXP(AN17)) -> 0.89998679 | AQ17: =VLOOKUP($A17,TABEL,AQ$10,FALSE) -> 0.9 | AR17: =IF(AL17="-","-",SQRT((EXP(AO17*AO17)-1)*EXP(2*AN17+AO17*AO17))) -> 0.0048769684 | AS17: =IF(AL17="-","-",AR17/AQ17) -> 0.0054188537 | AT17: =VLOOKUP($A17,TABEL,AT$10,FALSE) -> 28.42 | AU17: =IF(AT17="-","-",EXP(AV17+1.645*AW17)) -> 75.763975 | AV17: =IF(AT17="-","-",LN(AY17)-AW17*AW17/2) -> 3.837358 | AW17: =IF(AT17="-","-",(SQRT(1.645^2+2*LN(AY17/AT17))-1.645)) -> 0.29803337 | AX17: =IF(AT17="-","-",EXP(AV17)) -> 46.402717 | AY17: =VLOOKUP($A17,TABEL,AY$10,FALSE) -> 48.51 | AZ17: =IF(AT17="-","-",SQRT((EXP(AW17*AW17)-1)*EXP(2*AV17+AW17*AW17))) -> 14.784665 | BA17: =IF(AT17="-","-",AZ17/AY17) -> 0.30477561 | BB17: =VLOOKUP($A17,TABEL,BB$10,FALSE) -> 8 | BC17: =IF(BB17="-","-",EXP(BD17+1.645*BE17)) -> 8 | BD17: =IF(BB17="-","-",LN(BG17)-BE17*BE17/2) -> 2.0794415 | BE17: =IF(BB17="-","-",(SQRT(1.645^2+2*LN(BG17/BB17))-1.645)) -> 0 | BF17: =IF(BB17="-","-",EXP(BD17)) -> 8 | BG17: =BB17 -> 8 | BH17: =IF(BB17="-","-",SQRT((EXP(BE17*BE17)-1)*EXP(2*BD17+BE17*BE17))) -> 0 | BI17: =IF(BB17="-","-",BH17/BG17) -> 0 | BJ17: =VLOOKUP($A17,TABEL,BJ$10,FALSE) -> 60 | BK17: =VLOOKUP($A17,TABEL,BK$10,FALSE) -> 100 | BL17: =(LN(BK17)+LN(BJ17))/2 -> 4.3497574 | BM17: =(LN(BK17)-LN(BJ17))/(2*1.645) -> 0.15526615 | BN17: =IF(BJ17="-","-",EXP(BL17)) -> 77.459667 | BO17: =EXP(BL17+BM17*BM17/2) -> 78.398999 | BP17: =SQRT((EXP(BM17*BM17)-1)*EXP(2*BL17+BM17*BM17)) -> 12.246444 | BQ17: =BP17/BO17 -> 0.15620664
A18: H_Mkw_z&k | B18: SILTY_CLAY | E18: =VLOOKUP(A18,Kleurtabel!$A$2:$F$822,6,FALSE) -> #8099CC00 | F18: =VLOOKUP($A18,TABEL,F$10,FALSE) -> 15 | G18: =VLOOKUP($A18,TABEL,G$10,FALSE) -> 18 | H18: =(LN(G18)+LN(F18))/2 -> 2.799211 | I18: =(LN(G18)-LN(F18))/(2*1.645) -> 0.055416887 | J18: =IF(F18="-","-",EXP(H18)) -> 16.431677 | K18: =EXP(H18+I18*I18/2) -> 16.456927 | L18: =SQRT((EXP(I18*I18)-1)*EXP(2*H18+I18*I18)) -> 0.9126923 | M18: =L18/K18 -> 0.055459461 | N18: =VLOOKUP($A18,TABEL,N$10,FALSE) -> 15 | O18: =VLOOKUP($A18,TABEL,O$10,FALSE) -> 18 | P18: =(LN(O18)+LN(N18))/2 -> 2.799211 | Q18: =(LN(O18)-LN(N18))/(2*1.645) -> 0.055416887 | R18: =EXP(P18) -> 16.431677 | S18: =EXP(P18+Q18*Q18/2) -> 16.456927 | T18: =SQRT((EXP(Q18*Q18)-1)*EXP(2*P18+Q18*Q18)) -> 0.9126923 | U18: =T18/S18 -> 0.055459461 | V18: =VLOOKUP($A18,TABEL,V$10,FALSE)/2+AA18/2 -> 30.95 | W18: =IF(V18="-","-",EXP(X18+1.645*Y18)) -> 33.072181 | X18: =IF(V18="-","-",LN(AA18)-Y18*Y18/2) -> 3.4655327 | Y18: =IF(V18="-","-",(SQRT(1.645^2+2*LN(AA18/V18))-1.645)) -> 0.020157893 | Z18: =IF(V18="-","-",EXP(X18)) -> 31.993499 | AA18: =VLOOKUP($A18,TABEL,AA$10,FALSE) -> 32 | AB18: =IF(V18="-","-",SQRT((EXP(Y18*Y18)-1)*EXP(2*X18+Y18*Y18))) -> 0.6451181 | AC18: =IF(V18="-","-",AB18/AA18) -> 0.020159941 | AD18: =VLOOKUP($A18,TABEL,AD$10,FALSE) -> 0.259 | AE18: =IF(AD18="-","-",EXP(AF18+1.645*AG18)) -> 0.26502181 | AF18: =IF(AD18="-","-",LN(AI18)-AG18*AG18/2) -> -1.3394352 | AG18: =IF(AD18="-","-",(SQRT(1.645^2+2*LN(AI18/AD18))-1.645)) -> 0.0069860424 | AH18: =IF(AD18="-","-",EXP(AF18)) -> 0.26199361 | AI18: =VLOOKUP($A18,TABEL,AI$10,FALSE) -> 0.262 | AJ18: =IF(AD18="-","-",SQRT((EXP(AG18*AG18)-1)*EXP(2*AF18+AG18*AG18))) -> 0.0018303654 | AK18: =IF(AD18="-","-",AJ18/AI18) -> 0.0069861276 | AL18: =VLOOKUP($A18,TABEL,AL$10,FALSE) -> 0.892 | AM18: =IF(AL18="-","-",EXP(AN18+1.645*AO18)) -> 0.90804509 | AN18: =IF(AL18="-","-",LN(AQ18)-AO18*AO18/2) -> -0.1053752 | AO18: =IF(AL18="-","-",(SQRT(1.645^2+2*LN(AQ18/AL18))-1.645)) -> 0.005418814 | AP18: =IF(AL18="-","-",EXP(AN18)) -> 0.89998679 | AQ18: =VLOOKUP($A18,TABEL,AQ$10,FALSE) -> 0.9 | AR18: =IF(AL18="-","-",SQRT((EXP(AO18*AO18)-1)*EXP(2*AN18+AO18*AO18))) -> 0.0048769684 | AS18: =IF(AL18="-","-",AR18/AQ18) -> 0.0054188537 | AT18: =VLOOKUP($A18,TABEL,AT$10,FALSE) -> 28.42 | AU18: =IF(AT18="-","-",EXP(AV18+1.645*AW18)) -> 75.763975 | AV18: =IF(AT18="-","-",LN(AY18)-AW18*AW18/2) -> 3.837358 | AW18: =IF(AT18="-","-",(SQRT(1.645^2+2*LN(AY18/AT18))-1.645)) -> 0.29803337 | AX18: =IF(AT18="-","-",EXP(AV18)) -> 46.402717 | AY18: =VLOOKUP($A18,TABEL,AY$10,FALSE) -> 48.51 | AZ18: =IF(AT18="-","-",SQRT((EXP(AW18*AW18)-1)*EXP(2*AV18+AW18*AW18))) -> 14.784665 | BA18: =IF(AT18="-","-",AZ18/AY18) -> 0.30477561 | BB18: =VLOOKUP($A18,TABEL,BB$10,FALSE) -> 8 | BC18: =IF(BB18="-","-",EXP(BD18+1.645*BE18)) -> 8 | BD18: =IF(BB18="-","-",LN(BG18)-BE18*BE18/2) -> 2.0794415 | BE18: =IF(BB18="-","-",(SQRT(1.645^2+2*LN(BG18/BB18))-1.645)) -> 0 | BF18: =IF(BB18="-","-",EXP(BD18)) -> 8 | BG18: =BB18 -> 8 | BH18: =IF(BB18="-","-",SQRT((EXP(BE18*BE18)-1)*EXP(2*BD18+BE18*BE18))) -> 0 | BI18: =IF(BB18="-","-",BH18/BG18) -> 0 | BJ18: =VLOOKUP($A18,TABEL,BJ$10,FALSE) -> 60 | BK18: =VLOOKUP($A18,TABEL,BK$10,FALSE) -> 100 | BL18: =(LN(BK18)+LN(BJ18))/2 -> 4.3497574 | BM18: =(LN(BK18)-LN(BJ18))/(2*1.645) -> 0.15526615 | BN18: =IF(BJ18="-","-",EXP(BL18)) -> 77.459667 | BO18: =EXP(BL18+BM18*BM18/2) -> 78.398999 | BP18: =SQRT((EXP(BM18*BM18)-1)*EXP(2*BL18+BM18*BM18)) -> 12.246444 | BQ18: =BP18/BO18 -> 0.15620664
A19: H_Mkw_z_k | B19: SILTY_CLAY | E19: =VLOOKUP(A19,Kleurtabel!$A$2:$F$822,6,FALSE) -> #N/A | F19: =F18 -> 15 | G19: =G18 -> 18 | H19: =H18 -> 2.799211 | I19: =I18 -> 0.055416887 | J19: =J18 -> 16.431677 | K19: =K18 -> 16.456927 | L19: =L18 -> 0.9126923 | M19: =M18 -> 0.055459461 | ... BQ19: =BQ18 -> 0.15620664
A20: H_Mp_k | B20: CLAY_ORGANIC | E20: =VLOOKUP(A20,Kleurtabel!$A$2:$F$822,6,FALSE) -> #80008080 | F20: =VLOOKUP($A20,TABEL,F$10,FALSE) -> 15 | G20: =VLOOKUP($A20,TABEL,G$10,FALSE) -> 18 | H20: =(LN(G20)+LN(F20))/2 -> 2.799211 | I20: =(LN(G20)-LN(F20))/(2*1.645) -> 0.055416887 | J20: =IF(F20="-","-",EXP(H20)) -> 16.431677 | K20: =EXP(H20+I20*I20/2) -> 16.456927 | L20: =SQRT((EXP(I20*I20)-1)*EXP(2*H20+I20*I20)) -> 0.9126923 | M20: =L20/K20 -> 0.055459461 | N20: =VLOOKUP($A20,TABEL,N$10,FALSE) -> 15 | O20: =VLOOKUP($A20,TABEL,O$10,FALSE) -> 18 | P20: =(LN(O20)+LN(N20))/2 -> 2.799211 | Q20: =(LN(O20)-LN(N20))/(2*1.645) -> 0.055416887 | R20: =EXP(P20) -> 16.431677 | S20: =EXP(P20+Q20*Q20/2) -> 16.456927 | T20: =SQRT((EXP(Q20*Q20)-1)*EXP(2*P20+Q20*Q20)) -> 0.9126923 | U20: =T20/S20 -> 0.055459461 | V20: =VLOOKUP($A20,TABEL,V$10,FALSE)/2+AA20/2 -> 38 | W20: =IF(V20="-","-",EXP(X20+1.645*Y20)) -> 46.255591 | X20: =IF(V20="-","-",LN(AA20)-Y20*Y20/2) -> 3.7358842 | Y20: =IF(V20="-","-",(SQRT(1.645^2+2*LN(AA20/V20))-1.645)) -> 0.059755677 | Z20: =IF(V20="-","-",EXP(X20)) -> 41.925081 | AA20: =VLOOKUP($A20,TABEL,AA$10,FALSE) -> 42 | AB20: =IF(V20="-","-",SQRT((EXP(Y20*Y20)-1)*EXP(2*X20+Y20*Y20))) -> 2.5119805 | AC20: =IF(V20="-","-",AB20/AA20) -> 0.059809059 | AD20: =VLOOKUP($A20,TABEL,AD$10,FALSE) -> 0.281 | AE20: =IF(AD20="-","-",EXP(AF20+1.645*AG20)) -> 0.29917961 | AF20: =IF(AD20="-","-",LN(AI20)-AG20*AG20/2) -> -1.2380559 | AG20: =IF(AD20="-","-",(SQRT(1.645^2+2*LN(AI20/AD20))-1.645)) -> 0.019054539 | AH20: =IF(AD20="-","-",EXP(AF20)) -> 0.28994736 | AI20: =VLOOKUP($A20,TABEL,AI$10,FALSE) -> 0.29 | AJ20: =IF(AD20="-","-",SQRT((EXP(AG20*AG20)-1)*EXP(2*AF20+AG20*AG20))) -> 0.0055263178 | AK20: =IF(AD20="-","-",AJ20/AI20) -> 0.019056268 | AL20: =VLOOKUP($A20,TABEL,AL$10,FALSE) -> 0.892 | AM20: =IF(AL20="-","-",EXP(AN20+1.645*AO20)) -> 0.90804509 | AN20: =IF(AL20="-","-",LN(AQ20)-AO20*AO20/2) -> -0.1053752 | AO20: =IF(AL20="-","-",(SQRT(1.645^2+2*LN(AQ20/AL20))-1.645)) -> 0.005418814 | AP20: =IF(AL20="-","-",EXP(AN20)) -> 0.89998679 | AQ20: =VLOOKUP($A20,TABEL,AQ$10,FALSE) -> 0.9 | AR20: =IF(AL20="-","-",SQRT((EXP(AO20*AO20)-1)*EXP(2*AN20+AO20*AO20))) -> 0.0048769684 | AS20: =IF(AL20="-","-",AR20/AQ20) -> 0.0054188537 | AT20: =VLOOKUP($A20,TABEL,AT$10,FALSE) -> 11.57 | AU20: =IF(AT20="-","-",EXP(AV20+1.645*AW20)) -> 36.715039 | AV20: =IF(AT20="-","-",LN(AY20)-AW20*AW20/2) -> 3.025801 | AW20: =IF(AT20="-","-",(SQRT(1.645^2+2*LN(AY20/AT20))-1.645)) -> 0.3509942 | AX20: =IF(AT20="-","-",EXP(AV20)) -> 20.610507 | AY20: =VLOOKUP($A20,TABEL,AY$10,FALSE) -> 21.92 | AZ20: =IF(AT20="-","-",SQRT((EXP(AW20*AW20)-1)*EXP(2*AV20+AW20*AW20))) -> 7.9369516 | BA20: =IF(AT20="-","-",AZ20/AY20) -> 0.36208721 | BB20: =VLOOKUP($A20,TABEL,BB$10,FALSE) -> 8 | BC20: =IF(BB20="-","-",EXP(BD20+1.645*BE20)) -> 8 | BD20: =IF(BB20="-","-",LN(BG20)-BE20*BE20/2) -> 2.0794415 | BE20: =IF(BB20="-","-",(SQRT(1.645^2+2*LN(BG20/BB20))-1.645)) -> 0 | BF20: =IF(BB20="-","-",EXP(BD20)) -> 8 | BG20: =BB20 -> 8 | BH20: =IF(BB20="-","-",SQRT((EXP(BE20*BE20)-1)*EXP(2*BD20+BE20*BE20))) -> 0 | BI20: =IF(BB20="-","-",BH20/BG20) -> 0 | BJ20: =VLOOKUP($A20,TABEL,BJ$10,FALSE) -> 60 | BK20: =VLOOKUP($A20,TABEL,BK$10,FALSE) -> 100 | BL20: =(LN(BK20)+LN(BJ20))/2 -> 4.3497574 | BM20: =(LN(BK20)-LN(BJ20))/(2*1.645) -> 0.15526615 | BN20: =IF(BJ20="-","-",EXP(BL20)) -> 77.459667 | BO20: =EXP(BL20+BM20*BM20/2) -> 78.398999 | BP20: =SQRT((EXP(BM20*BM20)-1)*EXP(2*BL20+BM20*BM20)) -> 12.246444 | BQ20: =BP20/BO20 -> 0.15620664
A21: H_Mp_ko | B21: CLAY_ORGANIC | E21: =VLOOKUP(A21,Kleurtabel!$A$2:$F$822,6,FALSE) -> #80297551 | F21: =VLOOKUP($A21,TABEL,F$10,FALSE) -> 13 | G21: =VLOOKUP($A21,TABEL,G$10,FALSE) -> 15 | H21: =(LN(G21)+LN(F21))/2 -> 2.6364998 | I21: =(LN(G21)-LN(F21))/(2*1.645) -> 0.043495697 | J21: =IF(F21="-","-",EXP(H21)) -> 13.96424 | K21: =EXP(H21+I21*I21/2) -> 13.977456 | L21: =SQRT((EXP(I21*I21)-1)*EXP(2*H21+I21*I21)) -> 0.60824683 | M21: =L21/K21 -> 0.043516277 | N21: =VLOOKUP($A21,TABEL,N$10,FALSE) -> 13 | O21: =VLOOKUP($A21,TABEL,O$10,FALSE) -> 15 | P21: =(LN(O21)+LN(N21))/2 -> 2.6364998 | Q21: =(LN(O21)-LN(N21))/(2*1.645) -> 0.043495697 | R21: =EXP(P21) -> 13.96424 | S21: =EXP(P21+Q21*Q21/2) -> 13.977456 | T21: =SQRT((EXP(Q21*Q21)-1)*EXP(2*P21+Q21*Q21)) -> 0.60824683 | U21: =T21/S21 -> 0.043516277 | V21: =VLOOKUP($A21,TABEL,V$10,FALSE)/2+AA21/2 -> 41 | W21: =IF(V21="-","-",EXP(X21+1.645*Y21)) -> 51.36799 | X21: =IF(V21="-","-",LN(AA21)-Y21*Y21/2) -> 3.8262936 | Y21: =IF(V21="-","-",(SQRT(1.645^2+2*LN(AA21/V21))-1.645)) -> 0.068523755 | Z21: =IF(V21="-","-",EXP(X21)) -> 45.89213 | AA21: =VLOOKUP($A21,TABEL,AA$10,FALSE) -> 46 | AB21: =IF(V21="-","-",SQRT((EXP(Y21*Y21)-1)*EXP(2*X21+Y21*Y21))) -> 3.1557965 | AC21: =IF(V21="-","-",AB21/AA21) -> 0.068604272 | AD21: =VLOOKUP($A21,TABEL,AD$10,FALSE) -> 0.306 | AE21: =IF(AD21="-","-",EXP(AF21+1.645*AG21)) -> 0.32416509 | AF21: =IF(AD21="-","-",LN(AI21)-AG21*AG21/2) -> -1.1553363 | AG21: =IF(AD21="-","-",(SQRT(1.645^2+2*LN(AI21/AD21))-1.645)) -> 0.017528217 | AH21: =IF(AD21="-","-",EXP(AF21)) -> 0.31495161 | AI21: =VLOOKUP($A21,TABEL,AI$10,FALSE) -> 0.315 | AJ21: =IF(AD21="-","-",SQRT((EXP(AG21*AG21)-1)*EXP(2*AF21+AG21*AG21))) -> 0.0055218126 | AK21: =IF(AD21="-","-",AJ21/AI21) -> 0.017529564 | AL21: =VLOOKUP($A21,TABEL,AL$10,FALSE) -> 0.891 | AM21: =IF(AL21="-","-",EXP(AN21+1.645*AO21)) -> 0.9090571 | AN21: =IF(AL21="-","-",LN(AQ21)-AO21*AO21/2) -> -0.10537911 | AO21: =IF(AL21="-","-",(SQRT(1.645^2+2*LN(AQ21/AL21))-1.645)) -> 0.0060983228 | AP21: =IF(AL21="-","-",EXP(AN21)) -> 0.89998326 | AQ21: =VLOOKUP($A21,TABEL,AQ$10,FALSE) -> 0.9 | AR21: =IF(AL21="-","-",SQRT((EXP(AO21*AO21)-1)*EXP(2*AN21+AO21*AO21))) -> 0.0054885416 | AS21: =IF(AL21="-","-",AR21/AQ21) -> 0.0060983795 | AT21: =VLOOKUP($A21,TABEL,AT$10,FALSE) -> 5.67 | AU21: =IF(AT21="-","-",EXP(AV21+1.645*AW21)) -> 38.585736 | AV21: =IF(AT21="-","-",LN(AY21)-AW21*AW21/2) -> 2.6940359 | AW21: =IF(AT21="-","-",(SQRT(1.645^2+2*LN(AY21/AT21))-1.645)) -> 0.58288558 | AX21: =IF(AT21="-","-",EXP(AV21)) -> 14.791252 | AY21: =VLOOKUP($A21,TABEL,AY$10,FALSE) -> 17.53 | AZ21: =IF(AT21="-","-",SQRT((EXP(AW21*AW21)-1)*EXP(2*AV21+AW21*AW21))) -> 11.150572 | BA21: =IF(AT21="-","-",AZ21/AY21) -> 0.63608511 | BB21: =VLOOKUP($A21,TABEL,BB$10,FALSE) -> 4.1 | BC21: =IF(BB21="-","-",EXP(BD21+1.645*BE21)) -> 4.1 | BD21: =IF(BB21="-","-",LN(BG21)-BE21*BE21/2) -> 1.410987 | BE21: =IF(BB21="-","-",(SQRT(1.645^2+2*LN(BG21/BB21))-1.645)) -> 0 | BF21: =IF(BB21="-","-",EXP(BD21)) -> 4.1 | BG21: =BB21 -> 4.1 | BH21: =IF(BB21="-","-",SQRT((EXP(BE21*BE21)-1)*EXP(2*BD21+BE21*BE21))) -> 0 | BI21: =IF(BB21="-","-",BH21/BG21) -> 0 | BJ21: =VLOOKUP($A21,TABEL,BJ$10,FALSE) -> 60 | BK21: =VLOOKUP($A21,TABEL,BK$10,FALSE) -> 100 | BL21: =(LN(BK21)+LN(BJ21))/2 -> 4.3497574 | BM21: =(LN(BK21)-LN(BJ21))/(2*1.645) -> 0.15526615 | BN21: =IF(BJ21="-","-",EXP(BL21)) -> 77.459667 | BO21: =EXP(BL21+BM21*BM21/2) -> 78.398999 | BP21: =SQRT((EXP(BM21*BM21)-1)*EXP(2*BL21+BM21*BM21)) -> 12.246444 | BQ21: =BP21/BO21 -> 0.15620664
A22: H_Ml_ko | B22: CLAY_ORGANIC | E22: =VLOOKUP(A22,Kleurtabel!$A$2:$F$822,6,FALSE) -> #80006F6C | F22: =VLOOKUP($A22,TABEL,F$10,FALSE) -> 13 | G22: =VLOOKUP($A22,TABEL,G$10,FALSE) -> 15 | H22: =(LN(G22)+LN(F22))/2 -> 2.6364998 | I22: =(LN(G22)-LN(F22))/(2*1.645) -> 0.043495697 | J22: =IF(F22="-","-",EXP(H22)) -> 13.96424 | K22: =EXP(H22+I22*I22/2) -> 13.977456 | L22: =SQRT((EXP(I22*I22)-1)*EXP(2*H22+I22*I22)) -> 0.60824683 | M22: =L22/K22 -> 0.043516277 | N22: =VLOOKUP($A22,TABEL,N$10,FALSE) -> 13 | O22: =VLOOKUP($A22,TABEL,O$10,FALSE) -> 15 | P22: =(LN(O22)+LN(N22))/2 -> 2.6364998 | Q22: =(LN(O22)-LN(N22))/(2*1.645) -> 0.043495697 | R22: =EXP(P22) -> 13.96424 | S22: =EXP(P22+Q22*Q22/2) -> 13.977456 | T22: =SQRT((EXP(Q22*Q22)-1)*EXP(2*P22+Q22*Q22)) -> 0.60824683 | U22: =T22/S22 -> 0.043516277 | V22: =VLOOKUP($A22,TABEL,V$10,FALSE)/2+AA22/2 -> 41 | W22: =IF(V22="-","-",EXP(X22+1.645*Y22)) -> 51.36799 | X22: =IF(V22="-","-",LN(AA22)-Y22*Y22/2) -> 3.8262936 | Y22: =IF(V22="-","-",(SQRT(1.645^2+2*LN(AA22/V22))-1.645)) -> 0.068523755 | Z22: =IF(V22="-","-",EXP(X22)) -> 45.89213 | AA22: =VLOOKUP($A22,TABEL,AA$10,FALSE) -> 46 | AB22: =IF(V22="-","-",SQRT((EXP(Y22*Y22)-1)*EXP(2*X22+Y22*Y22))) -> 3.1557965 | AC22: =IF(V22="-","-",AB22/AA22) -> 0.068604272 | AD22: =VLOOKUP($A22,TABEL,AD$10,FALSE) -> 0.306 | AE22: =IF(AD22="-","-",EXP(AF22+1.645*AG22)) -> 0.32416509 | AF22: =IF(AD22="-","-",LN(AI22)-AG22*AG22/2) -> -1.1553363 | AG22: =IF(AD22="-","-",(SQRT(1.645^2+2*LN(AI22/AD22))-1.645)) -> 0.017528217 | AH22: =IF(AD22="-","-",EXP(AF22)) -> 0.31495161 | AI22: =VLOOKUP($A22,TABEL,AI$10,FALSE) -> 0.315 | AJ22: =IF(AD22="-","-",SQRT((EXP(AG22*AG22)-1)*EXP(2*AF22+AG22*AG22))) -> 0.0055218126 | AK22: =IF(AD22="-","-",AJ22/AI22) -> 0.017529564 | AL22: =VLOOKUP($A22,TABEL,AL$10,FALSE) -> 0.891 | AM22: =IF(AL22="-","-",EXP(AN22+1.645*AO22)) -> 0.9090571 | AN22: =IF(AL22="-","-",LN(AQ22)-AO22*AO22/2) -> -0.10537911 | AO22: =IF(AL22="-","-",(SQRT(1.645^2+2*LN(AQ22/AL22))-1.645)) -> 0.0060983228 | AP22: =IF(AL22="-","-",EXP(AN22)) -> 0.89998326 | AQ22: =VLOOKUP($A22,TABEL,AQ$10,FALSE) -> 0.9 | AR22: =IF(AL22="-","-",SQRT((EXP(AO22*AO22)-1)*EXP(2*AN22+AO22*AO22))) -> 0.0054885416 | AS22: =IF(AL22="-","-",AR22/AQ22) -> 0.0060983795 | AT22: =VLOOKUP($A22,TABEL,AT$10,FALSE) -> 5.67 | AU22: =IF(AT22="-","-",EXP(AV22+1.645*AW22)) -> 38.585736 | AV22: =IF(AT22="-","-",LN(AY22)-AW22*AW22/2) -> 2.6940359 | AW22: =IF(AT22="-","-",(SQRT(1.645^2+2*LN(AY22/AT22))-1.645)) -> 0.58288558 | AX22: =IF(AT22="-","-",EXP(AV22)) -> 14.791252 | AY22: =VLOOKUP($A22,TABEL,AY$10,FALSE) -> 17.53 | AZ22: =IF(AT22="-","-",SQRT((EXP(AW22*AW22)-1)*EXP(2*AV22+AW22*AW22))) -> 11.150572 | BA22: =IF(AT22="-","-",AZ22/AY22) -> 0.63608511 | BB22: =VLOOKUP($A22,TABEL,BB$10,FALSE) -> 4.1 | BC22: =IF(BB22="-","-",EXP(BD22+1.645*BE22)) -> 4.1 | BD22: =IF(BB22="-","-",LN(BG22)-BE22*BE22/2) -> 1.410987 | BE22: =IF(BB22="-","-",(SQRT(1.645^2+2*LN(BG22/BB22))-1.645)) -> 0 | BF22: =IF(BB22="-","-",EXP(BD22)) -> 4.1 | BG22: =BB22 -> 4.1 | BH22: =IF(BB22="-","-",SQRT((EXP(BE22*BE22)-1)*EXP(2*BD22+BE22*BE22))) -> 0 | BI22: =IF(BB22="-","-",BH22/BG22) -> 0 | BJ22: =VLOOKUP($A22,TABEL,BJ$10,FALSE) -> 60 | BK22: =VLOOKUP($A22,TABEL,BK$10,FALSE) -> 100 | BL22: =(LN(BK22)+LN(BJ22))/2 -> 4.3497574 | BM22: =(LN(BK22)-LN(BJ22))/(2*1.645) -> 0.15526615 | BN22: =IF(BJ22="-","-",EXP(BL22)) -> 77.459667 | BO22: =EXP(BL22+BM22*BM22/2) -> 78.398999 | BP22: =SQRT((EXP(BM22*BM22)-1)*EXP(2*BL22+BM22*BM22)) -> 12.246444 | BQ22: =BP22/BO22 -> 0.15620664
A23: H_Eg_zm_z | B23: TABLE | E23: =VLOOKUP(A23,Kleurtabel!$A$2:$F$822,6,FALSE) -> #00000000 | F23: =VLOOKUP($A23,TABEL,F$10,FALSE) -> 18 | G23: =VLOOKUP($A23,TABEL,G$10,FALSE) -> 19 | H23: =(LN(G23)+LN(F23))/2 -> 2.9174054 | I23: =(LN(G23)-LN(F23))/(2*1.645) -> 0.016433806 | J23: =IF(F23="-","-",EXP(H23)) -> 18.493242 | K23: =EXP(H23+I23*I23/2) -> 18.495739 | L23: =SQRT((EXP(I23*I23)-1)*EXP(2*H23+I23*I23)) -> 0.30397591 | M23: =L23/K23 -> 0.016434915 | N23: =VLOOKUP($A23,TABEL,N$10,FALSE) -> 20 | O23: =VLOOKUP($A23,TABEL,O$10,FALSE) -> 21 | P23: =(LN(O23)+LN(N23))/2 -> 3.0201274 | Q23: =(LN(O23)-LN(N23))/(2*1.645) -> 0.014829837 | R23: =EXP(P23) -> 20.493902 | S23: =EXP(P23+Q23*Q23/2) -> 20.496155 | T23: =SQRT((EXP(Q23*Q23)-1)*EXP(2*P23+Q23*Q23)) -> 0.30397136 | U23: =T23/S23 -> 0.014830653 | V23: =VLOOKUP($A23,TABEL,V$10,FALSE)/2+AA23/2 -> 30.95 | W23: =IF(V23="-","-",EXP(X23+1.645*Y23)) -> 33.072181 | X23: =IF(V23="-","-",LN(AA23)-Y23*Y23/2) -> 3.4655327 | Y23: =IF(V23="-","-",(SQRT(1.645^2+2*LN(AA23/V23))-1.645)) -> 0.020157893 | Z23: =IF(V23="-","-",EXP(X23)) -> 31.993499 | AA23: =VLOOKUP($A23,TABEL,AA$10,FALSE) -> 32 | AB23: =IF(V23="-","-",SQRT((EXP(Y23*Y23)-1)*EXP(2*X23+Y23*Y23))) -> 0.6451181 | AC23: =IF(V23="-","-",AB23/AA23) -> 0.020159941 | AD23: =VLOOKUP($A23,TABEL,AD$10,FALSE) -> - | AE23: =IF(AD23="-","-",EXP(AF23+1.645*AG23)) -> - | AF23: =IF(AD23="-","-",LN(AI23)-AG23*AG23/2) -> - | AG23: =IF(AD23="-","-",(SQRT(1.645^2+2*LN(AI23/AD23))-1.645)) -> - | AH23: =IF(AD23="-","-",EXP(AF23)) -> - | AI23: =VLOOKUP($A23,TABEL,AI$10,FALSE) -> - | AJ23: =IF(AD23="-","-",SQRT((EXP(AG23*AG23)-1)*EXP(2*AF23+AG23*AG23))) -> - | AK23: =IF(AD23="-","-",AJ23/AI23) -> - | AL23: =VLOOKUP($A23,TABEL,AL$10,FALSE) -> - | AM23: =IF(AL23="-","-",EXP(AN23+1.645*AO23)) -> - | AN23: =IF(AL23="-","-",LN(AQ23)-AO23*AO23/2) -> - | AO23: =IF(AL23="-","-",(SQRT(1.645^2+2*LN(AQ23/AL23))-1.645)) -> - | AP23: =IF(AL23="-","-",EXP(AN23)) -> - | AQ23: =VLOOKUP($A23,TABEL,AQ$10,FALSE) -> - | AR23: =IF(AL23="-","-",SQRT((EXP(AO23*AO23)-1)*EXP(2*AN23+AO23*AO23))) -> - | AS23: =IF(AL23="-","-",AR23/AQ23) -> - | AT23: =VLOOKUP($A23,TABEL,AT$10,FALSE) -> - | AU23: =IF(AT23="-","-",EXP(AV23+1.645*AW23)) -> - | AV23: =IF(AT23="-","-",LN(AY23)-AW23*AW23/2) -> - | AW23: =IF(AT23="-","-",(SQRT(1.645^2+2*LN(AY23/AT23))-1.645)) -> - | AX23: =IF(AT23="-","-",EXP(AV23)) -> - | AY23: =VLOOKUP($A23,TABEL,AY$10,FALSE) -> - | AZ23: =IF(AT23="-","-",SQRT((EXP(AW23*AW23)-1)*EXP(2*AV23+AW23*AW23))) -> - | BA23: =IF(AT23="-","-",AZ23/AY23) -> - | BB23: =VLOOKUP($A23,TABEL,BB$10,FALSE) -> - | BC23: =IF(BB23="-","-",EXP(BD23+1.645*BE23)) -> - | BD23: =IF(BB23="-","-",LN(BG23)-BE23*BE23/2) -> - | BE23: =IF(BB23="-","-",(SQRT(1.645^2+2*LN(BG23/BB23))-1.645)) -> - | BF23: =IF(BB23="-","-",EXP(BD23)) -> - | BG23: =BB23 -> - | BH23: =IF(BB23="-","-",SQRT((EXP(BE23*BE23)-1)*EXP(2*BD23+BE23*BE23))) -> - | BI23: =IF(BB23="-","-",BH23/BG23) -> - | BJ23: =VLOOKUP($A23,TABEL,BJ$10,FALSE) -> 103 | BK23: =VLOOKUP($A23,TABEL,BK$10,FALSE) -> 103 | BL23: =(LN(BK23)+LN(BJ23))/2 -> 4.634729 | BM23: =(LN(BK23)-LN(BJ23))/(2*1.645) -> 0 | BN23: =IF(BJ23="-","-",EXP(BL23)) -> 103 | BO23: =EXP(BL23+BM23*BM23/2) -> 103 | BP23: =SQRT((EXP(BM23*BM23)-1)*EXP(2*BL23+BM23*BM23)) -> 0 | BQ23: =BP23/BO23 -> 0
A24: H_Eg_zm_k | B24: TABLE | E24: =VLOOKUP(A24,Kleurtabel!$A$2:$F$822,6,FALSE) -> #00000000 | F24: =VLOOKUP($A24,TABEL,F$10,FALSE) -> 18 | G24: =VLOOKUP($A24,TABEL,G$10,FALSE) -> 20 | H24: =(LN(G24)+LN(F24))/2 -> 2.943052 | I24: =(LN(G24)-LN(F24))/(2*1.645) -> 0.032024473 | J24: =IF(F24="-","-",EXP(H24)) -> 18.973666 | K24: =EXP(H24+I24*I24/2) -> 18.983398 | L24: =SQRT((EXP(I24*I24)-1)*EXP(2*H24+I24*I24)) -> 0.60808921 | M24: =L24/K24 -> 0.032032685 | N24: =VLOOKUP($A24,TABEL,N$10,FALSE) -> 18 | O24: =VLOOKUP($A24,TABEL,O$10,FALSE) -> 20 | P24: =(LN(O24)+LN(N24))/2 -> 2.943052 | Q24: =(LN(O24)-LN(N24))/(2*1.645) -> 0.032024473 | R24: =EXP(P24) -> 18.973666 | S24: =EXP(P24+Q24*Q24/2) -> 18.983398 | T24: =SQRT((EXP(Q24*Q24)-1)*EXP(2*P24+Q24*Q24)) -> 0.60808921 | U24: =T24/S24 -> 0.032032685 | V24: =VLOOKUP($A24,TABEL,V$10,FALSE)/2+AA24/2 -> 30.95 | W24: =IF(V24="-","-",EXP(X24+1.645*Y24)) -> 33.072181 | X24: =IF(V24="-","-",LN(AA24)-Y24*Y24/2) -> 3.4655327 | Y24: =IF(V24="-","-",(SQRT(1.645^2+2*LN(AA24/V24))-1.645)) -> 0.020157893 | Z24: =IF(V24="-","-",EXP(X24)) -> 31.993499 | AA24: =VLOOKUP($A24,TABEL,AA$10,FALSE) -> 32 | AB24: =IF(V24="-","-",SQRT((EXP(Y24*Y24)-1)*EXP(2*X24+Y24*Y24))) -> 0.6451181 | AC24: =IF(V24="-","-",AB24/AA24) -> 0.020159941 | AD24: =VLOOKUP($A24,TABEL,AD$10,FALSE) -> - | AE24: =IF(AD24="-","-",EXP(AF24+1.645*AG24)) -> - | AF24: =IF(AD24="-","-",LN(AI24)-AG24*AG24/2) -> - | AG24: =IF(AD24="-","-",(SQRT(1.645^2+2*LN(AI24/AD24))-1.645)) -> - | AH24: =IF(AD24="-","-",EXP(AF24)) -> - | AI24: =VLOOKUP($A24,TABEL,AI$10,FALSE) -> - | AJ24: =IF(AD24="-","-",SQRT((EXP(AG24*AG24)-1)*EXP(2*AF24+AG24*AG24))) -> - | AK24: =IF(AD24="-","-",AJ24/AI24) -> - | AL24: =VLOOKUP($A24,TABEL,AL$10,FALSE) -> - | AM24: =IF(AL24="-","-",EXP(AN24+1.645*AO24)) -> - | AN24: =IF(AL24="-","-",LN(AQ24)-AO24*AO24/2) -> - | AO24: =IF(AL24="-","-",(SQRT(1.645^2+2*LN(AQ24/AL24))-1.645)) -> - | AP24: =IF(AL24="-","-",EXP(AN24)) -> - | AQ24: =VLOOKUP($A24,TABEL,AQ$10,FALSE) -> - | AR24: =IF(AL24="-","-",SQRT((EXP(AO24*AO24)-1)*EXP(2*AN24+AO24*AO24))) -> - | AS24: =IF(AL24="-","-",AR24/AQ24) -> - | AT24: =VLOOKUP($A24,TABEL,AT$10,FALSE) -> - | AU24: =IF(AT24="-","-",EXP(AV24+1.645*AW24)) -> - | AV24: =IF(AT24="-","-",LN(AY24)-AW24*AW24/2) -> - | AW24: =IF(AT24="-","-",(SQRT(1.645^2+2*LN(AY24/AT24))-1.645)) -> - | AX24: =IF(AT24="-","-",EXP(AV24)) -> - | AY24: =VLOOKUP($A24,TABEL,AY$10,FALSE) -> - | AZ24: =IF(AT24="-","-",SQRT((EXP(AW24*AW24)-1)*EXP(2*AV24+AW24*AW24))) -> - | BA24: =IF(AT24="-","-",AZ24/AY24) -> - | BB24: =VLOOKUP($A24,TABEL,BB$10,FALSE) -> 13.3 | BC24: =IF(BB24="-","-",EXP(BD24+1.645*BE24)) -> 13.3 | BD24: =IF(BB24="-","-",LN(BG24)-BE24*BE24/2) -> 2.587764 | BE24: =IF(BB24="-","-",(SQRT(1.645^2+2*LN(BG24/BB24))-1.645)) -> 0 | BF24: =IF(BB24="-","-",EXP(BD24)) -> 13.3 | BG24: =BB24 -> 13.3 | BH24: =IF(BB24="-","-",SQRT((EXP(BE24*BE24)-1)*EXP(2*BD24+BE24*BE24))) -> 0 | BI24: =IF(BB24="-","-",BH24/BG24) -> 0 | BJ24: =VLOOKUP($A24,TABEL,BJ$10,FALSE) -> 60 | BK24: =VLOOKUP($A24,TABEL,BK$10,FALSE) -> 100 | BL24: =(LN(BK24)+LN(BJ24))/2 -> 4.3497574 | BM24: =(LN(BK24)-LN(BJ24))/(2*1.645) -> 0.15526615 | BN24: =IF(BJ24="-","-",EXP(BL24)) -> 77.459667 | BO24: =EXP(BL24+BM24*BM24/2) -> 78.398999 | BP24: =SQRT((EXP(BM24*BM24)-1)*EXP(2*BL24+BM24*BM24)) -> 12.246444 | BQ24: =BP24/BO24 -> 0.15620664
A25: H_Eg_z&k_k | B25: TABLE | E25: =VLOOKUP(A25,Kleurtabel!$A$2:$F$822,6,FALSE) -> #00000000 | F25: =VLOOKUP($A25,TABEL,F$10,FALSE) -> 18 | G25: =VLOOKUP($A25,TABEL,G$10,FALSE) -> 20 | H25: =(LN(G25)+LN(F25))/2 -> 2.943052 | I25: =(LN(G25)-LN(F25))/(2*1.645) -> 0.032024473 | J25: =IF(F25="-","-",EXP(H25)) -> 18.973666 | K25: =EXP(H25+I25*I25/2) -> 18.983398 | L25: =SQRT((EXP(I25*I25)-1)*EXP(2*H25+I25*I25)) -> 0.60808921 | M25: =L25/K25 -> 0.032032685 | N25: =VLOOKUP($A25,TABEL,N$10,FALSE) -> 18 | O25: =VLOOKUP($A25,TABEL,O$10,FALSE) -> 20 | P25: =(LN(O25)+LN(N25))/2 -> 2.943052 | Q25: =(LN(O25)-LN(N25))/(2*1.645) -> 0.032024473 | R25: =EXP(P25) -> 18.973666 | S25: =EXP(P25+Q25*Q25/2) -> 18.983398 | T25: =SQRT((EXP(Q25*Q25)-1)*EXP(2*P25+Q25*Q25)) -> 0.60808921 | U25: =T25/S25 -> 0.032032685 | V25: =VLOOKUP($A25,TABEL,V$10,FALSE)/2+AA25/2 -> 30.95 | W25: =IF(V25="-","-",EXP(X25+1.645*Y25)) -> 33.072181 | X25: =IF(V25="-","-",LN(AA25)-Y25*Y25/2) -> 3.4655327 | Y25: =IF(V25="-","-",(SQRT(1.645^2+2*LN(AA25/V25))-1.645)) -> 0.020157893 | Z25: =IF(V25="-","-",EXP(X25)) -> 31.993499 | AA25: =VLOOKUP($A25,TABEL,AA$10,FALSE) -> 32 | AB25: =IF(V25="-","-",SQRT((EXP(Y25*Y25)-1)*EXP(2*X25+Y25*Y25))) -> 0.6451181 | AC25: =IF(V25="-","-",AB25/AA25) -> 0.020159941 | AD25: =VLOOKUP($A25,TABEL,AD$10,FALSE) -> - | AE25: =IF(AD25="-","-",EXP(AF25+1.645*AG25)) -> - | AF25: =IF(AD25="-","-",LN(AI25)-AG25*AG25/2) -> - | AG25: =IF(AD25="-","-",(SQRT(1.645^2+2*LN(AI25/AD25))-1.645)) -> - | AH25: =IF(AD25="-","-",EXP(AF25)) -> - | AI25: =VLOOKUP($A25,TABEL,AI$10,FALSE) -> - | AJ25: =IF(AD25="-","-",SQRT((EXP(AG25*AG25)-1)*EXP(2*AF25+AG25*AG25))) -> - | AK25: =IF(AD25="-","-",AJ25/AI25) -> - | AL25: =VLOOKUP($A25,TABEL,AL$10,FALSE) -> - | AM25: =IF(AL25="-","-",EXP(AN25+1.645*AO25)) -> - | AN25: =IF(AL25="-","-",LN(AQ25)-AO25*AO25/2) -> - | AO25: =IF(AL25="-","-",(SQRT(1.645^2+2*LN(AQ25/AL25))-1.645)) -> - | AP25: =IF(AL25="-","-",EXP(AN25)) -> - | AQ25: =VLOOKUP($A25,TABEL,AQ$10,FALSE) -> - | AR25: =IF(AL25="-","-",SQRT((EXP(AO25*AO25)-1)*EXP(2*AN25+AO25*AO25))) -> - | AS25: =IF(AL25="-","-",AR25/AQ25) -> - | AT25: =VLOOKUP($A25,TABEL,AT$10,FALSE) -> - | AU25: =IF(AT25="-","-",EXP(AV25+1.645*AW25)) -> - | AV25: =IF(AT25="-","-",LN(AY25)-AW25*AW25/2) -> - | AW25: =IF(AT25="-","-",(SQRT(1.645^2+2*LN(AY25/AT25))-1.645)) -> - | AX25: =IF(AT25="-","-",EXP(AV25)) -> - | AY25: =VLOOKUP($A25,TABEL,AY$10,FALSE) -> - | AZ25: =IF(AT25="-","-",SQRT((EXP(AW25*AW25)-1)*EXP(2*AV25+AW25*AW25))) -> - | BA25: =IF(AT25="-","-",AZ25/AY25) -> - | BB25: =VLOOKUP($A25,TABEL,BB$10,FALSE) -> 13.3 | BC25: =IF(BB25="-","-",EXP(BD25+1.645*BE25)) -> 13.3 | BD25: =IF(BB25="-","-",LN(BG25)-BE25*BE25/2) -> 2.587764 | BE25: =IF(BB25="-","-",(SQRT(1.645^2+2*LN(BG25/BB25))-1.645)) -> 0 | BF25: =IF(BB25="-","-",EXP(BD25)) -> 13.3 | BG25: =BB25 -> 13.3 | BH25: =IF(BB25="-","-",SQRT((EXP(BE25*BE25)-1)*EXP(2*BD25+BE25*BE25))) -> 0 | BI25: =IF(BB25="-","-",BH25/BG25) -> 0 | BJ25: =VLOOKUP($A25,TABEL,BJ$10,FALSE) -> 60 | BK25: =VLOOKUP($A25,TABEL,BK$10,FALSE) -> 100 | BL25: =(LN(BK25)+LN(BJ25))/2 -> 4.3497574 | BM25: =(LN(BK25)-LN(BJ25))/(2*1.645) -> 0.15526615 | BN25: =IF(BJ25="-","-",EXP(BL25)) -> 77.459667 | BO25: =EXP(BL25+BM25*BM25/2) -> 78.398999 | BP25: =SQRT((EXP(BM25*BM25)-1)*EXP(2*BL25+BM25*BM25)) -> 12.246444 | BQ25: =BP25/BO25 -> 0.15620664
A26: H_Eg_z&k_z | B26: TABLE | E26: =VLOOKUP(A26,Kleurtabel!$A$2:$F$822,6,FALSE) -> #00000000 | F26: =VLOOKUP($A26,TABEL,F$10,FALSE) -> 18 | G26: =VLOOKUP($A26,TABEL,G$10,FALSE) -> 19 | H26: =(LN(G26)+LN(F26))/2 -> 2.9174054 | I26: =(LN(G26)-LN(F26))/(2*1.645) -> 0.016433806 | J26: =IF(F26="-","-",EXP(H26)) -> 18.493242 | K26: =EXP(H26+I26*I26/2) -> 18.495739 | L26: =SQRT((EXP(I26*I26)-1)*EXP(2*H26+I26*I26)) -> 0.30397591 | M26: =L26/K26 -> 0.016434915 | N26: =VLOOKUP($A26,TABEL,N$10,FALSE) -> 20 | O26: =VLOOKUP($A26,TABEL,O$10,FALSE) -> 21 | P26: =(LN(O26)+LN(N26))/2 -> 3.0201274 | Q26: =(LN(O26)-LN(N26))/(2*1.645) -> 0.014829837 | R26: =EXP(P26) -> 20.493902 | S26: =EXP(P26+Q26*Q26/2) -> 20.496155 | T26: =SQRT((EXP(Q26*Q26)-1)*EXP(2*P26+Q26*Q26)) -> 0.30397136 | U26: =T26/S26 -> 0.014830653 | V26: =VLOOKUP($A26,TABEL,V$10,FALSE)/2+AA26/2 -> 30.95 | W26: =IF(V26="-","-",EXP(X26+1.645*Y26)) -> 33.072181 | X26: =IF(V26="-","-",LN(AA26)-Y26*Y26/2) -> 3.4655327 | Y26: =IF(V26="-","-",(SQRT(1.645^2+2*LN(AA26/V26))-1.645)) -> 0.020157893 | Z26: =IF(V26="-","-",EXP(X26)) -> 31.993499 | AA26: =VLOOKUP($A26,TABEL,AA$10,FALSE) -> 32 | AB26: =IF(V26="-","-",SQRT((EXP(Y26*Y26)-1)*EXP(2*X26+Y26*Y26))) -> 0.6451181 | AC26: =IF(V26="-","-",AB26/AA26) -> 0.020159941 | AD26: =VLOOKUP($A26,TABEL,AD$10,FALSE) -> - | AE26: =IF(AD26="-","-",EXP(AF26+1.645*AG26)) -> - | AF26: =IF(AD26="-","-",LN(AI26)-AG26*AG26/2) -> - | AG26: =IF(AD26="-","-",(SQRT(1.645^2+2*LN(AI26/AD26))-1.645)) -> - | AH26: =IF(AD26="-","-",EXP(AF26)) -> - | AI26: =VLOOKUP($A26,TABEL,AI$10,FALSE) -> - | AJ26: =IF(AD26="-","-",SQRT((EXP(AG26*AG26)-1)*EXP(2*AF26+AG26*AG26))) -> - | AK26: =IF(AD26="-","-",AJ26/AI26) -> - | AL26: =VLOOKUP($A26,TABEL,AL$10,FALSE) -> - | AM26: =IF(AL26="-","-",EXP(AN26+1.645*AO26)) -> - | AN26: =IF(AL26="-","-",LN(AQ26)-AO26*AO26/2) -> - | AO26: =IF(AL26="-","-",(SQRT(1.645^2+2*LN(AQ26/AL26))-1.645)) -> - | AP26: =IF(AL26="-","-",EXP(AN26)) -> - | AQ26: =VLOOKUP($A26,TABEL,AQ$10,FALSE) -> - | AR26: =IF(AL26="-","-",SQRT((EXP(AO26*AO26)-1)*EXP(2*AN26+AO26*AO26))) -> - | AS26: =IF(AL26="-","-",AR26/AQ26) -> - | AT26: =VLOOKUP($A26,TABEL,AT$10,FALSE) -> - | AU26: =IF(AT26="-","-",EXP(AV26+1.645*AW26)) -> - | AV26: =IF(AT26="-","-",LN(AY26)-AW26*AW26/2) -> - | AW26: =IF(AT26="-","-",(SQRT(1.645^2+2*LN(AY26/AT26))-1.645)) -> - | AX26: =IF(AT26="-","-",EXP(AV26)) -> - | AY26: =VLOOKUP($A26,TABEL,AY$10,FALSE) -> - | AZ26: =IF(AT26="-","-",SQRT((EXP(AW26*AW26)-1)*EXP(2*AV26+AW26*AW26))) -> - | BA26: =IF(AT26="-","-",AZ26/AY26) -> - | BB26: =VLOOKUP($A26,TABEL,BB$10,FALSE) -> - | BC26: =IF(BB26="-","-",EXP(BD26+1.645*BE26)) -> - | BD26: =IF(BB26="-","-",LN(BG26)-BE26*BE26/2) -> - | BE26: =IF(BB26="-","-",(SQRT(1.645^2+2*LN(BG26/BB26))-1.645)) -> - | BF26: =IF(BB26="-","-",EXP(BD26)) -> - | BG26: =BB26 -> - | BH26: =IF(BB26="-","-",SQRT((EXP(BE26*BE26)-1)*EXP(2*BD26+BE26*BE26))) -> - | BI26: =IF(BB26="-","-",BH26/BG26) -> - | BJ26: =VLOOKUP($A26,TABEL,BJ$10,FALSE) -> 103 | BK26: =VLOOKUP($A26,TABEL,BK$10,FALSE) -> 103 | BL26: =(LN(BK26)+LN(BJ26))/2 -> 4.634729 | BM26: =(LN(BK26)-LN(BJ26))/(2*1.645) -> 0 | BN26: =IF(BJ26="-","-",EXP(BL26)) -> 103 | BO26: =EXP(BL26+BM26*BM26/2) -> 103 | BP26: =SQRT((EXP(BM26*BM26)-1)*EXP(2*BL26+BM26*BM26)) -> 0 | BQ26: =BP26/BO26 -> 0
A27: H_Rg_zg | B27: TABLE | E27: =VLOOKUP(A27,Kleurtabel!$A$2:$F$822,6,FALSE) -> #80FFCC99 | F27: =VLOOKUP($A27,TABEL,F$10,FALSE) -> 18 | G27: =VLOOKUP($A27,TABEL,G$10,FALSE) -> 19 | H27: =(LN(G27)+LN(F27))/2 -> 2.9174054 | I27: =(LN(G27)-LN(F27))/(2*1.645) -> 0.016433806 | J27: =IF(F27="-","-",EXP(H27)) -> 18.493242 | K27: =EXP(H27+I27*I27/2) -> 18.495739 | L27: =SQRT((EXP(I27*I27)-1)*EXP(2*H27+I27*I27)) -> 0.30397591 | M27: =L27/K27 -> 0.016434915 | N27: =VLOOKUP($A27,TABEL,N$10,FALSE) -> 20 | O27: =VLOOKUP($A27,TABEL,O$10,FALSE) -> 21 | P27: =(LN(O27)+LN(N27))/2 -> 3.0201274 | Q27: =(LN(O27)-LN(N27))/(2*1.645) -> 0.014829837 | R27: =EXP(P27) -> 20.493902 | S27: =EXP(P27+Q27*Q27/2) -> 20.496155 | T27: =SQRT((EXP(Q27*Q27)-1)*EXP(2*P27+Q27*Q27)) -> 0.30397136 | U27: =T27/S27 -> 0.014830653 | V27: =VLOOKUP($A27,TABEL,V$10,FALSE)/2+AA27/2 -> 33.2 | W27: =IF(V27="-","-",EXP(X27+1.645*Y27)) -> 34.812046 | X27: =IF(V27="-","-",LN(AA27)-Y27*Y27/2) -> 3.5262567 | Y27: =IF(V27="-","-",(SQRT(1.645^2+2*LN(AA27/V27))-1.645)) -> 0.014411431 | Z27: =IF(V27="-","-",EXP(X27)) -> 33.996469 | AA27: =VLOOKUP($A27,TABEL,AA$10,FALSE) -> 34 | AB27: =IF(V27="-","-",SQRT((EXP(Y27*Y27)-1)*EXP(2*X27+Y27*Y27))) -> 0.4900141 | AC27: =IF(V27="-","-",AB27/AA27) -> 0.014412179 | AD27: =VLOOKUP($A27,TABEL,AD$10,FALSE) -> - | AE27: =IF(AD27="-","-",EXP(AF27+1.645*AG27)) -> - | AF27: =IF(AD27="-","-",LN(AI27)-AG27*AG27/2) -> - | AG27: =IF(AD27="-","-",(SQRT(1.645^2+2*LN(AI27/AD27))-1.645)) -> - | AH27: =IF(AD27="-","-",EXP(AF27)) -> - | AI27: =VLOOKUP($A27,TABEL,AI$10,FALSE) -> - | AJ27: =IF(AD27="-","-",SQRT((EXP(AG27*AG27)-1)*EXP(2*AF27+AG27*AG27))) -> - | AK27: =IF(AD27="-","-",AJ27/AI27) -> - | AL27: =VLOOKUP($A27,TABEL,AL$10,FALSE) -> - | AM27: =IF(AL27="-","-",EXP(AN27+1.645*AO27)) -> - | AN27: =IF(AL27="-","-",LN(AQ27)-AO27*AO27/2) -> - | AO27: =IF(AL27="-","-",(SQRT(1.645^2+2*LN(AQ27/AL27))-1.645)) -> - | AP27: =IF(AL27="-","-",EXP(AN27)) -> - | AQ27: =VLOOKUP($A27,TABEL,AQ$10,FALSE) -> - | AR27: =IF(AL27="-","-",SQRT((EXP(AO27*AO27)-1)*EXP(2*AN27+AO27*AO27))) -> - | AS27: =IF(AL27="-","-",AR27/AQ27) -> - | AT27: =VLOOKUP($A27,TABEL,AT$10,FALSE) -> - | AU27: =IF(AT27="-","-",EXP(AV27+1.645*AW27)) -> - | AV27: =IF(AT27="-","-",LN(AY27)-AW27*AW27/2) -> - | AW27: =IF(AT27="-","-",(SQRT(1.645^2+2*LN(AY27/AT27))-1.645)) -> - | AX27: =IF(AT27="-","-",EXP(AV27)) -> - | AY27: =VLOOKUP($A27,TABEL,AY$10,FALSE) -> - | AZ27: =IF(AT27="-","-",SQRT((EXP(AW27*AW27)-1)*EXP(2*AV27+AW27*AW27))) -> - | BA27: =IF(AT27="-","-",AZ27/AY27) -> - | BB27: =VLOOKUP($A27,TABEL,BB$10,FALSE) -> - | BC27: =IF(BB27="-","-",EXP(BD27+1.645*BE27)) -> - | BD27: =IF(BB27="-","-",LN(BG27)-BE27*BE27/2) -> - | BE27: =IF(BB27="-","-",(SQRT(1.645^2+2*LN(BG27/BB27))-1.645)) -> - | BF27: =IF(BB27="-","-",EXP(BD27)) -> - | BG27: =BB27 -> - | BH27: =IF(BB27="-","-",SQRT((EXP(BE27*BE27)-1)*EXP(2*BD27+BE27*BE27))) -> - | BI27: =IF(BB27="-","-",BH27/BG27) -> - | BJ27: =VLOOKUP($A27,TABEL,BJ$10,FALSE) -> 103 | BK27: =VLOOKUP($A27,TABEL,BK$10,FALSE) -> 103 | BL27: =(LN(BK27)+LN(BJ27))/2 -> 4.634729 | BM27: =(LN(BK27)-LN(BJ27))/(2*1.645) -> 0 | BN27: =IF(BJ27="-","-",EXP(BL27)) -> 103 | BO27: =EXP(BL27+BM27*BM27/2) -> 103 | BP27: =SQRT((EXP(BM27*BM27)-1)*EXP(2*BL27+BM27*BM27)) -> 0 | BQ27: =BP27/BO27 -> 0
A28: H_Rg_zm | B28: TABLE | E28: =VLOOKUP(A28,Kleurtabel!$A$2:$F$822,6,FALSE) -> #80FFFF00 | F28: =VLOOKUP($A28,TABEL,F$10,FALSE) -> 17 | G28: =VLOOKUP($A28,TABEL,G$10,FALSE) -> 18 | H28: =(LN(G28)+LN(F28))/2 -> 2.8617926 | I28: =(LN(G28)-LN(F28))/(2*1.645) -> 0.017373378 | J28: =IF(F28="-","-",EXP(H28)) -> 17.492856 | K28: =EXP(H28+I28*I28/2) -> 17.495496 | L28: =SQRT((EXP(I28*I28)-1)*EXP(2*H28+I28*I28)) -> 0.3039788 | M28: =L28/K28 -> 0.017374689 | N28: =VLOOKUP($A28,TABEL,N$10,FALSE) -> 19 | O28: =VLOOKUP($A28,TABEL,O$10,FALSE) -> 20 | P28: =(LN(O28)+LN(N28))/2 -> 2.9700856 | Q28: =(LN(O28)-LN(N28))/(2*1.645) -> 0.015590667 | R28: =EXP(P28) -> 19.493589 | S28: =EXP(P28+Q28*Q28/2) -> 19.495958 | T28: =SQRT((EXP(Q28*Q28)-1)*EXP(2*P28+Q28*Q28)) -> 0.30397346 | U28: =T28/S28 -> 0.015591614 | V28: =VLOOKUP($A28,TABEL,V$10,FALSE)/2+AA28/2 -> 33.2 | W28: =IF(V28="-","-",EXP(X28+1.645*Y28)) -> 34.812046 | X28: =IF(V28="-","-",LN(AA28)-Y28*Y28/2) -> 3.5262567 | Y28: =IF(V28="-","-",(SQRT(1.645^2+2*LN(AA28/V28))-1.645)) -> 0.014411431 | Z28: =IF(V28="-","-",EXP(X28)) -> 33.996469 | AA28: =VLOOKUP($A28,TABEL,AA$10,FALSE) -> 34 | AB28: =IF(V28="-","-",SQRT((EXP(Y28*Y28)-1)*EXP(2*X28+Y28*Y28))) -> 0.4900141 | AC28: =IF(V28="-","-",AB28/AA28) -> 0.014412179 | AD28: =VLOOKUP($A28,TABEL,AD$10,FALSE) -> - | AE28: =IF(AD28="-","-",EXP(AF28+1.645*AG28)) -> - | AF28: =IF(AD28="-","-",LN(AI28)-AG28*AG28/2) -> - | AG28: =IF(AD28="-","-",(SQRT(1.645^2+2*LN(AI28/AD28))-1.645)) -> - | AH28: =IF(AD28="-","-",EXP(AF28)) -> - | AI28: =VLOOKUP($A28,TABEL,AI$10,FALSE) -> - | AJ28: =IF(AD28="-","-",SQRT((EXP(AG28*AG28)-1)*EXP(2*AF28+AG28*AG28))) -> - | AK28: =IF(AD28="-","-",AJ28/AI28) -> - | AL28: =VLOOKUP($A28,TABEL,AL$10,FALSE) -> - | AM28: =IF(AL28="-","-",EXP(AN28+1.645*AO28)) -> - | AN28: =IF(AL28="-","-",LN(AQ28)-AO28*AO28/2) -> - | AO28: =IF(AL28="-","-",(SQRT(1.645^2+2*LN(AQ28/AL28))-1.645)) -> - | AP28: =IF(AL28="-","-",EXP(AN28)) -> - | AQ28: =VLOOKUP($A28,TABEL,AQ$10,FALSE) -> - | AR28: =IF(AL28="-","-",SQRT((EXP(AO28*AO28)-1)*EXP(2*AN28+AO28*AO28))) -> - | AS28: =IF(AL28="-","-",AR28/AQ28) -> - | AT28: =VLOOKUP($A28,TABEL,AT$10,FALSE) -> - | AU28: =IF(AT28="-","-",EXP(AV28+1.645*AW28)) -> - | AV28: =IF(AT28="-","-",LN(AY28)-AW28*AW28/2) -> - | AW28: =IF(AT28="-","-",(SQRT(1.645^2+2*LN(AY28/AT28))-1.645)) -> - | AX28: =IF(AT28="-","-",EXP(AV28)) -> - | AY28: =VLOOKUP($A28,TABEL,AY$10,FALSE) -> - | AZ28: =IF(AT28="-","-",SQRT((EXP(AW28*AW28)-1)*EXP(2*AV28+AW28*AW28))) -> - | BA28: =IF(AT28="-","-",AZ28/AY28) -> - | BB28: =VLOOKUP($A28,TABEL,BB$10,FALSE) -> - | BC28: =IF(BB28="-","-",EXP(BD28+1.645*BE28)) -> - | BD28: =IF(BB28="-","-",LN(BG28)-BE28*BE28/2) -> - | BE28: =IF(BB28="-","-",(SQRT(1.645^2+2*LN(BG28/BB28))-1.645)) -> - | BF28: =IF(BB28="-","-",EXP(BD28)) -> - | BG28: =BB28 -> - | BH28: =IF(BB28="-","-",SQRT((EXP(BE28*BE28)-1)*EXP(2*BD28+BE28*BE28))) -> - | BI28: =IF(BB28="-","-",BH28/BG28) -> - | BJ28: =VLOOKUP($A28,TABEL,BJ$10,FALSE) -> 103 | BK28: =VLOOKUP($A28,TABEL,BK$10,FALSE) -> 103 | BL28: =(LN(BK28)+LN(BJ28))/2 -> 4.634729 | BM28: =(LN(BK28)-LN(BJ28))/(2*1.645) -> 0 | BN28: =IF(BJ28="-","-",EXP(BL28)) -> 103 | BO28: =EXP(BL28+BM28*BM28/2) -> 103 | BP28: =SQRT((EXP(BM28*BM28)-1)*EXP(2*BL28+BM28*BM28)) -> 0 | BQ28: =BP28/BO28 -> 0
A29: H_Rg_zf | B29: TABLE | E29: =VLOOKUP(A29,Kleurtabel!$A$2:$F$822,6,FALSE) -> #80FFFF99 | F29: =VLOOKUP($A29,TABEL,F$10,FALSE) -> 17 | G29: =VLOOKUP($A29,TABEL,G$10,FALSE) -> 18 | H29: =(LN(G29)+LN(F29))/2 -> 2.8617926 | I29: =(LN(G29)-LN(F29))/(2*1.645) -> 0.017373378 | J29: =IF(F29="-","-",EXP(H29)) -> 17.492856 | K29: =EXP(H29+I29*I29/2) -> 17.495496 | L29: =SQRT((EXP(I29*I29)-1)*EXP(2*H29+I29*I29)) -> 0.3039788 | M29: =L29/K29 -> 0.017374689 | N29: =VLOOKUP($A29,TABEL,N$10,FALSE) -> 19 | O29: =VLOOKUP($A29,TABEL,O$10,FALSE) -> 20 | P29: =(LN(O29)+LN(N29))/2 -> 2.9700856 | Q29: =(LN(O29)-LN(N29))/(2*1.645) -> 0.015590667 | R29: =EXP(P29) -> 19.493589 | S29: =EXP(P29+Q29*Q29/2) -> 19.495958 | T29: =SQRT((EXP(Q29*Q29)-1)*EXP(2*P29+Q29*Q29)) -> 0.30397346 | U29: =T29/S29 -> 0.015591614 | V29: =VLOOKUP($A29,TABEL,V$10,FALSE)/2+AA29/2 -> 33.2 | W29: =IF(V29="-","-",EXP(X29+1.645*Y29)) -> 34.812046 | X29: =IF(V29="-","-",LN(AA29)-Y29*Y29/2) -> 3.5262567 | Y29: =IF(V29="-","-",(SQRT(1.645^2+2*LN(AA29/V29))-1.645)) -> 0.014411431 | Z29: =IF(V29="-","-",EXP(X29)) -> 33.996469 | AA29: =VLOOKUP($A29,TABEL,AA$10,FALSE) -> 34 | AB29: =IF(V29="-","-",SQRT((EXP(Y29*Y29)-1)*EXP(2*X29+Y29*Y29))) -> 0.4900141 | AC29: =IF(V29="-","-",AB29/AA29) -> 0.014412179 | AD29: =VLOOKUP($A29,TABEL,AD$10,FALSE) -> - | AE29: =IF(AD29="-","-",EXP(AF29+1.645*AG29)) -> - | AF29: =IF(AD29="-","-",LN(AI29)-AG29*AG29/2) -> - | AG29: =IF(AD29="-","-",(SQRT(1.645^2+2*LN(AI29/AD29))-1.645)) -> - | AH29: =IF(AD29="-","-",EXP(AF29)) -> - | AI29: =VLOOKUP($A29,TABEL,AI$10,FALSE) -> - | AJ29: =IF(AD29="-","-",SQRT((EXP(AG29*AG29)-1)*EXP(2*AF29+AG29*AG29))) -> - | AK29: =IF(AD29="-","-",AJ29/AI29) -> - | AL29: =VLOOKUP($A29,TABEL,AL$10,FALSE) -> - | AM29: =IF(AL29="-","-",EXP(AN29+1.645*AO29)) -> - | AN29: =IF(AL29="-","-",LN(AQ29)-AO29*AO29/2) -> - | AO29: =IF(AL29="-","-",(SQRT(1.645^2+2*LN(AQ29/AL29))-1.645)) -> - | AP29: =IF(AL29="-","-",EXP(AN29)) -> - | AQ29: =VLOOKUP($A29,TABEL,AQ$10,FALSE) -> - | AR29: =IF(AL29="-","-",SQRT((EXP(AO29*AO29)-1)*EXP(2*AN29+AO29*AO29))) -> - | AS29: =IF(AL29="-","-",AR29/AQ29) -> - | AT29: =VLOOKUP($A29,TABEL,AT$10,FALSE) -> - | AU29: =IF(AT29="-","-",EXP(AV29+1.645*AW29)) -> - | AV29: =IF(AT29="-","-",LN(AY29)-AW29*AW29/2) -> - | AW29: =IF(AT29="-","-",(SQRT(1.645^2+2*LN(AY29/AT29))-1.645)) -> - | AX29: =IF(AT29="-","-",EXP(AV29)) -> - | AY29: =VLOOKUP($A29,TABEL,AY$10,FALSE) -> - | AZ29: =IF(AT29="-","-",SQRT((EXP(AW29*AW29)-1)*EXP(2*AV29+AW29*AW29))) -> - | BA29: =IF(AT29="-","-",AZ29/AY29) -> - | BB29: =VLOOKUP($A29,TABEL,BB$10,FALSE) -> - | BC29: =IF(BB29="-","-",EXP(BD29+1.645*BE29)) -> - | BD29: =IF(BB29="-","-",LN(BG29)-BE29*BE29/2) -> - | BE29: =IF(BB29="-","-",(SQRT(1.645^2+2*LN(BG29/BB29))-1.645)) -> - | BF29: =IF(BB29="-","-",EXP(BD29)) -> - | BG29: =BB29 -> - | BH29: =IF(BB29="-","-",SQRT((EXP(BE29*BE29)-1)*EXP(2*BD29+BE29*BE29))) -> - | BI29: =IF(BB29="-","-",BH29/BG29) -> - | BJ29: =VLOOKUP($A29,TABEL,BJ$10,FALSE) -> 103 | BK29: =VLOOKUP($A29,TABEL,BK$10,FALSE) -> 103 | BL29: =(LN(BK29)+LN(BJ29))/2 -> 4.634729 | BM29: =(LN(BK29)-LN(BJ29))/(2*1.645) -> 0 | BN29: =IF(BJ29="-","-",EXP(BL29)) -> 103 | BO29: =EXP(BL29+BM29*BM29/2) -> 103 | BP29: =SQRT((EXP(BM29*BM29)-1)*EXP(2*BL29+BM29*BM29)) -> 0 | BQ29: =BP29/BO29 -> 0
A30: H_Rr_o_z_k | B30: CLAY_ORGANIC | E30: =VLOOKUP(A30,Kleurtabel!$A$2:$F$822,6,FALSE) -> #N/A | F30: =F31 -> 13 | G30: =G31 -> 15 | H30: =H31 -> 2.6364998 | I30: =I31 -> 0.043495697 | J30: =J31 -> 13.96424 | K30: =K31 -> 13.977456 | L30: =L31 -> 0.60824683 | M30: =M31 -> 0.043516277 | ... BQ30: =BQ31 -> 0.25027488
A31: H_Rr_o&z_k | B31: CLAY_ORGANIC | E31: =VLOOKUP(A31,Kleurtabel!$A$2:$F$822,6,FALSE) -> #80666633 | F31: =VLOOKUP($A31,TABEL,F$10,FALSE) -> 13 | G31: =VLOOKUP($A31,TABEL,G$10,FALSE) -> 15 | H31: =(LN(G31)+LN(F31))/2 -> 2.6364998 | I31: =(LN(G31)-LN(F31))/(2*1.645) -> 0.043495697 | J31: =IF(F31="-","-",EXP(H31)) -> 13.96424 | K31: =EXP(H31+I31*I31/2) -> 13.977456 | L31: =SQRT((EXP(I31*I31)-1)*EXP(2*H31+I31*I31)) -> 0.60824683 | M31: =L31/K31 -> 0.043516277 | N31: =VLOOKUP($A31,TABEL,N$10,FALSE) -> 13 | O31: =VLOOKUP($A31,TABEL,O$10,FALSE) -> 15 | P31: =(LN(O31)+LN(N31))/2 -> 2.6364998 | Q31: =(LN(O31)-LN(N31))/(2*1.645) -> 0.043495697 | R31: =EXP(P31) -> 13.96424 | S31: =EXP(P31+Q31*Q31/2) -> 13.977456 | T31: =SQRT((EXP(Q31*Q31)-1)*EXP(2*P31+Q31*Q31)) -> 0.60824683 | U31: =T31/S31 -> 0.043516277 | V31: =VLOOKUP($A31,TABEL,V$10,FALSE)/2+AA31/2 -> 41 | W31: =IF(V31="-","-",EXP(X31+1.645*Y31)) -> 51.36799 | X31: =IF(V31="-","-",LN(AA31)-Y31*Y31/2) -> 3.8262936 | Y31: =IF(V31="-","-",(SQRT(1.645^2+2*LN(AA31/V31))-1.645)) -> 0.068523755 | Z31: =IF(V31="-","-",EXP(X31)) -> 45.89213 | AA31: =VLOOKUP($A31,TABEL,AA$10,FALSE) -> 46 | AB31: =IF(V31="-","-",SQRT((EXP(Y31*Y31)-1)*EXP(2*X31+Y31*Y31))) -> 3.1557965 | AC31: =IF(V31="-","-",AB31/AA31) -> 0.068604272 | AD31: =VLOOKUP($A31,TABEL,AD$10,FALSE) -> 0.306 | AE31: =IF(AD31="-","-",EXP(AF31+1.645*AG31)) -> 0.32416509 | AF31: =IF(AD31="-","-",LN(AI31)-AG31*AG31/2) -> -1.1553363 | AG31: =IF(AD31="-","-",(SQRT(1.645^2+2*LN(AI31/AD31))-1.645)) -> 0.017528217 | AH31: =IF(AD31="-","-",EXP(AF31)) -> 0.31495161 | AI31: =VLOOKUP($A31,TABEL,AI$10,FALSE) -> 0.315 | AJ31: =IF(AD31="-","-",SQRT((EXP(AG31*AG31)-1)*EXP(2*AF31+AG31*AG31))) -> 0.0055218126 | AK31: =IF(AD31="-","-",AJ31/AI31) -> 0.017529564 | AL31: =VLOOKUP($A31,TABEL,AL$10,FALSE) -> 0.891 | AM31: =IF(AL31="-","-",EXP(AN31+1.645*AO31)) -> 0.9090571 | AN31: =IF(AL31="-","-",LN(AQ31)-AO31*AO31/2) -> -0.10537911 | AO31: =IF(AL31="-","-",(SQRT(1.645^2+2*LN(AQ31/AL31))-1.645)) -> 0.0060983228 | AP31: =IF(AL31="-","-",EXP(AN31)) -> 0.89998326 | AQ31: =VLOOKUP($A31,TABEL,AQ$10,FALSE) -> 0.9 | AR31: =IF(AL31="-","-",SQRT((EXP(AO31*AO31)-1)*EXP(2*AN31+AO31*AO31))) -> 0.0054885416 | AS31: =IF(AL31="-","-",AR31/AQ31) -> 0.0060983795 | AT31: =VLOOKUP($A31,TABEL,AT$10,FALSE) -> 5.67 | AU31: =IF(AT31="-","-",EXP(AV31+1.645*AW31)) -> 38.585736 | AV31: =IF(AT31="-","-",LN(AY31)-AW31*AW31/2) -> 2.6940359 | AW31: =IF(AT31="-","-",(SQRT(1.645^2+2*LN(AY31/AT31))-1.645)) -> 0.58288558 | AX31: =IF(AT31="-","-",EXP(AV31)) -> 14.791252 | AY31: =VLOOKUP($A31,TABEL,AY$10,FALSE) -> 17.53 | AZ31: =IF(AT31="-","-",SQRT((EXP(AW31*AW31)-1)*EXP(2*AV31+AW31*AW31))) -> 11.150572 | BA31: =IF(AT31="-","-",AZ31/AY31) -> 0.63608511 | BB31: =VLOOKUP($A31,TABEL,BB$10,FALSE) -> 4.1 | BC31: =IF(BB31="-","-",EXP(BD31+1.645*BE31)) -> 4.1 | BD31: =IF(BB31="-","-",LN(BG31)-BE31*BE31/2) -> 1.410987 | BE31: =IF(BB31="-","-",(SQRT(1.645^2+2*LN(BG31/BB31))-1.645)) -> 0 | BF31: =IF(BB31="-","-",EXP(BD31)) -> 4.1 | BG31: =BB31 -> 4.1 | BH31: =IF(BB31="-","-",SQRT((EXP(BE31*BE31)-1)*EXP(2*BD31+BE31*BE31))) -> 0 | BI31: =IF(BB31="-","-",BH31/BG31) -> 0 | BJ31: =VLOOKUP($A31,TABEL,BJ$10,FALSE) -> 40 | BK31: =VLOOKUP($A31,TABEL,BK$10,FALSE) -> 90 | BL31: =(LN(BK31)+LN(BJ31))/2 -> 4.0943446 | BM31: =(LN(BK31)-LN(BJ31))/(2*1.645) -> 0.24648335 | BN31: =IF(BJ31="-","-",EXP(BL31)) -> 60 | BO31: =EXP(BL31+BM31*BM31/2) -> 61.850587 | BP31: =SQRT((EXP(BM31*BM31)-1)*EXP(2*BL31+BM31*BM31)) -> 15.479648 | BQ31: =BP31/BO31 -> 0.25027488
A32: H_Rr_o_z_z | B32: CLAY_ORGANIC | E32: =VLOOKUP(A32,Kleurtabel!$A$2:$F$822,6,FALSE) -> #N/A | F32: =F33 -> 18 | G32: =G33 -> 19 | H32: =H33 -> 2.9174054 | I32: =I33 -> 0.016433806 | J32: =J33 -> 18.493242 | K32: =K33 -> 18.495739 | L32: =L33 -> 0.30397591 | M32: =M33 -> 0.016434915 | ... BQ32: =BQ33 -> 0
A33: H_Rr_o&z_z | B33: CLAY_ORGANIC | E33: =VLOOKUP(A33,Kleurtabel!$A$2:$F$822,6,FALSE) -> #80666633 | F33: =VLOOKUP($A33,TABEL,F$10,FALSE) -> 18 | G33: =VLOOKUP($A33,TABEL,G$10,FALSE) -> 19 | H33: =(LN(G33)+LN(F33))/2 -> 2.9174054 | I33: =(LN(G33)-LN(F33))/(2*1.645) -> 0.016433806 | J33: =IF(F33="-","-",EXP(H33)) -> 18.493242 | K33: =EXP(H33+I33*I33/2) -> 18.495739 | L33: =SQRT((EXP(I33*I33)-1)*EXP(2*H33+I33*I33)) -> 0.30397591 | M33: =L33/K33 -> 0.016434915 | N33: =VLOOKUP($A33,TABEL,N$10,FALSE) -> 20 | O33: =VLOOKUP($A33,TABEL,O$10,FALSE) -> 21 | P33: =(LN(O33)+LN(N33))/2 -> 3.0201274 | Q33: =(LN(O33)-LN(N33))/(2*1.645) -> 0.014829837 | R33: =EXP(P33) -> 20.493902 | S33: =EXP(P33+Q33*Q33/2) -> 20.496155 | T33: =SQRT((EXP(Q33*Q33)-1)*EXP(2*P33+Q33*Q33)) -> 0.30397136 | U33: =T33/S33 -> 0.014830653 | V33: =VLOOKUP($A33,TABEL,V$10,FALSE)/2+AA33/2 -> 30.95 | W33: =IF(V33="-","-",EXP(X33+1.645*Y33)) -> 33.072181 | X33: =IF(V33="-","-",LN(AA33)-Y33*Y33/2) -> 3.4655327 | Y33: =IF(V33="-","-",(SQRT(1.645^2+2*LN(AA33/V33))-1.645)) -> 0.020157893 | Z33: =IF(V33="-","-",EXP(X33)) -> 31.993499 | AA33: =VLOOKUP($A33,TABEL,AA$10,FALSE) -> 32 | AB33: =IF(V33="-","-",SQRT((EXP(Y33*Y33)-1)*EXP(2*X33+Y33*Y33))) -> 0.6451181 | AC33: =IF(V33="-","-",AB33/AA33) -> 0.020159941 | AD33: =VLOOKUP($A33,TABEL,AD$10,FALSE) -> - | AE33: =IF(AD33="-","-",EXP(AF33+1.645*AG33)) -> - | AF33: =IF(AD33="-","-",LN(AI33)-AG33*AG33/2) -> - | AG33: =IF(AD33="-","-",(SQRT(1.645^2+2*LN(AI33/AD33))-1.645)) -> - | AH33: =IF(AD33="-","-",EXP(AF33)) -> - | AI33: =VLOOKUP($A33,TABEL,AI$10,FALSE) -> - | AJ33: =IF(AD33="-","-",SQRT((EXP(AG33*AG33)-1)*EXP(2*AF33+AG33*AG33))) -> - | AK33: =IF(AD33="-","-",AJ33/AI33) -> - | AL33: =VLOOKUP($A33,TABEL,AL$10,FALSE) -> - | AM33: =IF(AL33="-","-",EXP(AN33+1.645*AO33)) -> - | AN33: =IF(AL33="-","-",LN(AQ33)-AO33*AO33/2) -> - | AO33: =IF(AL33="-","-",(SQRT(1.645^2+2*LN(AQ33/AL33))-1.645)) -> - | AP33: =IF(AL33="-","-",EXP(AN33)) -> - | AQ33: =VLOOKUP($A33,TABEL,AQ$10,FALSE) -> - | AR33: =IF(AL33="-","-",SQRT((EXP(AO33*AO33)-1)*EXP(2*AN33+AO33*AO33))) -> - | AS33: =IF(AL33="-","-",AR33/AQ33) -> - | AT33: =VLOOKUP($A33,TABEL,AT$10,FALSE) -> - | AU33: =IF(AT33="-","-",EXP(AV33+1.645*AW33)) -> - | AV33: =IF(AT33="-","-",LN(AY33)-AW33*AW33/2) -> - | AW33: =IF(AT33="-","-",(SQRT(1.645^2+2*LN(AY33/AT33))-1.645)) -> - | AX33: =IF(AT33="-","-",EXP(AV33)) -> - | AY33: =VLOOKUP($A33,TABEL,AY$10,FALSE) -> - | AZ33: =IF(AT33="-","-",SQRT((EXP(AW33*AW33)-1)*EXP(2*AV33+AW33*AW33))) -> - | BA33: =IF(AT33="-","-",AZ33/AY33) -> - | BB33: =VLOOKUP($A33,TABEL,BB$10,FALSE) -> - | BC33: =IF(BB33="-","-",EXP(BD33+1.645*BE33)) -> - | BD33: =IF(BB33="-","-",LN(BG33)-BE33*BE33/2) -> - | BE33: =IF(BB33="-","-",(SQRT(1.645^2+2*LN(BG33/BB33))-1.645)) -> - | BF33: =IF(BB33="-","-",EXP(BD33)) -> - | BG33: =BB33 -> - | BH33: =IF(BB33="-","-",SQRT((EXP(BE33*BE33)-1)*EXP(2*BD33+BE33*BE33))) -> - | BI33: =IF(BB33="-","-",BH33/BG33) -> - | BJ33: =VLOOKUP($A33,TABEL,BJ$10,FALSE) -> 103 | BK33: =VLOOKUP($A33,TABEL,BK$10,FALSE) -> 103 | BL33: =(LN(BK33)+LN(BJ33))/2 -> 4.634729 | BM33: =(LN(BK33)-LN(BJ33))/(2*1.645) -> 0 | BN33: =IF(BJ33="-","-",EXP(BL33)) -> 103 | BO33: =EXP(BL33+BM33*BM33/2) -> 103 | BP33: =SQRT((EXP(BM33*BM33)-1)*EXP(2*BL33+BM33*BM33)) -> 0 | BQ33: =BP33/BO33 -> 0
A34: H_Ro_z_k_k | B34: SILTY_CLAY | E34: =VLOOKUP(A34,Kleurtabel!$A$2:$F$822,6,FALSE) -> #N/A | F34: =F35 -> 15 | G34: =G35 -> 18 | H34: =H35 -> 2.799211 | I34: =I35 -> 0.055416887 | J34: =J35 -> 16.431677 | K34: =K35 -> 16.456927 | L34: =L35 -> 0.9126923 | M34: =M35 -> 0.055459461 | ... BQ34: =BQ35 -> 0.25027488
A35: H_Ro_z&k_k | B35: SILTY_CLAY | E35: =VLOOKUP(A35,Kleurtabel!$A$2:$F$822,6,FALSE) -> #80CCFFCC | F35: =VLOOKUP($A35,TABEL,F$10,FALSE) -> 15 | G35: =VLOOKUP($A35,TABEL,G$10,FALSE) -> 18 | H35: =(LN(G35)+LN(F35))/2 -> 2.799211 | I35: =(LN(G35)-LN(F35))/(2*1.645) -> 0.055416887 | J35: =IF(F35="-","-",EXP(H35)) -> 16.431677 | K35: =EXP(H35+I35*I35/2) -> 16.456927 | L35: =SQRT((EXP(I35*I35)-1)*EXP(2*H35+I35*I35)) -> 0.9126923 | M35: =L35/K35 -> 0.055459461 | N35: =VLOOKUP($A35,TABEL,N$10,FALSE) -> 15 | O35: =VLOOKUP($A35,TABEL,O$10,FALSE) -> 18 | P35: =(LN(O35)+LN(N35))/2 -> 2.799211 | Q35: =(LN(O35)-LN(N35))/(2*1.645) -> 0.055416887 | R35: =EXP(P35) -> 16.431677 | S35: =EXP(P35+Q35*Q35/2) -> 16.456927 | T35: =SQRT((EXP(Q35*Q35)-1)*EXP(2*P35+Q35*Q35)) -> 0.9126923 | U35: =T35/S35 -> 0.055459461 | V35: =VLOOKUP($A35,TABEL,V$10,FALSE)/2+AA35/2 -> 30.95 | W35: =IF(V35="-","-",EXP(X35+1.645*Y35)) -> 33.072181 | X35: =IF(V35="-","-",LN(AA35)-Y35*Y35/2) -> 3.4655327 | Y35: =IF(V35="-","-",(SQRT(1.645^2+2*LN(AA35/V35))-1.645)) -> 0.020157893 | Z35: =IF(V35="-","-",EXP(X35)) -> 31.993499 | AA35: =VLOOKUP($A35,TABEL,AA$10,FALSE) -> 32 | AB35: =IF(V35="-","-",SQRT((EXP(Y35*Y35)-1)*EXP(2*X35+Y35*Y35))) -> 0.6451181 | AC35: =IF(V35="-","-",AB35/AA35) -> 0.020159941 | AD35: =VLOOKUP($A35,TABEL,AD$10,FALSE) -> 0.259 | AE35: =IF(AD35="-","-",EXP(AF35+1.645*AG35)) -> 0.26502181 | AF35: =IF(AD35="-","-",LN(AI35)-AG35*AG35/2) -> -1.3394352 | AG35: =IF(AD35="-","-",(SQRT(1.645^2+2*LN(AI35/AD35))-1.645)) -> 0.0069860424 | AH35: =IF(AD35="-","-",EXP(AF35)) -> 0.26199361 | AI35: =VLOOKUP($A35,TABEL,AI$10,FALSE) -> 0.262 | AJ35: =IF(AD35="-","-",SQRT((EXP(AG35*AG35)-1)*EXP(2*AF35+AG35*AG35))) -> 0.0018303654 | AK35: =IF(AD35="-","-",AJ35/AI35) -> 0.0069861276 | AL35: =VLOOKUP($A35,TABEL,AL$10,FALSE) -> 0.892 | AM35: =IF(AL35="-","-",EXP(AN35+1.645*AO35)) -> 0.90804509 | AN35: =IF(AL35="-","-",LN(AQ35)-AO35*AO35/2) -> -0.1053752 | AO35: =IF(AL35="-","-",(SQRT(1.645^2+2*LN(AQ35/AL35))-1.645)) -> 0.005418814 | AP35: =IF(AL35="-","-",EXP(AN35)) -> 0.89998679 | AQ35: =VLOOKUP($A35,TABEL,AQ$10,FALSE) -> 0.9 | AR35: =IF(AL35="-","-",SQRT((EXP(AO35*AO35)-1)*EXP(2*AN35+AO35*AO35))) -> 0.0048769684 | AS35: =IF(AL35="-","-",AR35/AQ35) -> 0.0054188537 | AT35: =VLOOKUP($A35,TABEL,AT$10,FALSE) -> 28.42 | AU35: =IF(AT35="-","-",EXP(AV35+1.645*AW35)) -> 75.763975 | AV35: =IF(AT35="-","-",LN(AY35)-AW35*AW35/2) -> 3.837358 | AW35: =IF(AT35="-","-",(SQRT(1.645^2+2*LN(AY35/AT35))-1.645)) -> 0.29803337 | AX35: =IF(AT35="-","-",EXP(AV35)) -> 46.402717 | AY35: =VLOOKUP($A35,TABEL,AY$10,FALSE) -> 48.51 | AZ35: =IF(AT35="-","-",SQRT((EXP(AW35*AW35)-1)*EXP(2*AV35+AW35*AW35))) -> 14.784665 | BA35: =IF(AT35="-","-",AZ35/AY35) -> 0.30477561 | BB35: =VLOOKUP($A35,TABEL,BB$10,FALSE) -> 8 | BC35: =IF(BB35="-","-",EXP(BD35+1.645*BE35)) -> 8 | BD35: =IF(BB35="-","-",LN(BG35)-BE35*BE35/2) -> 2.0794415 | BE35: =IF(BB35="-","-",(SQRT(1.645^2+2*LN(BG35/BB35))-1.645)) -> 0 | BF35: =IF(BB35="-","-",EXP(BD35)) -> 8 | BG35: =BB35 -> 8 | BH35: =IF(BB35="-","-",SQRT((EXP(BE35*BE35)-1)*EXP(2*BD35+BE35*BE35))) -> 0 | BI35: =IF(BB35="-","-",BH35/BG35) -> 0 | BJ35: =VLOOKUP($A35,TABEL,BJ$10,FALSE) -> 40 | BK35: =VLOOKUP($A35,TABEL,BK$10,FALSE) -> 90 | BL35: =(LN(BK35)+LN(BJ35))/2 -> 4.0943446 | BM35: =(LN(BK35)-LN(BJ35))/(2*1.645) -> 0.24648335 | BN35: =IF(BJ35="-","-",EXP(BL35)) -> 60 | BO35: =EXP(BL35+BM35*BM35/2) -> 61.850587 | BP35: =SQRT((EXP(BM35*BM35)-1)*EXP(2*BL35+BM35*BM35)) -> 15.479648 | BQ35: =BP35/BO35 -> 0.25027488
A36: H_Ro_z_k_z | B36: SILTY_CLAY | E36: =VLOOKUP(A36,Kleurtabel!$A$2:$F$822,6,FALSE) -> #N/A | F36: =F37 -> 18 | G36: =G37 -> 19 | H36: =H37 -> 2.9174054 | I36: =I37 -> 0.016433806 | J36: =J37 -> 18.493242 | K36: =K37 -> 18.495739 | L36: =L37 -> 0.30397591 | M36: =M37 -> 0.016434915 | ... BQ36: =BQ37 -> 0
A37: H_Ro_z&k_z | B37: SILTY_CLAY | E37: =VLOOKUP(A37,Kleurtabel!$A$2:$F$822,6,FALSE) -> #80CCFFCC | F37: =VLOOKUP($A37,TABEL,F$10,FALSE) -> 18 | G37: =VLOOKUP($A37,TABEL,G$10,FALSE) -> 19 | H37: =(LN(G37)+LN(F37))/2 -> 2.9174054 | I37: =(LN(G37)-LN(F37))/(2*1.645) -> 0.016433806 | J37: =IF(F37="-","-",EXP(H37)) -> 18.493242 | K37: =EXP(H37+I37*I37/2) -> 18.495739 | L37: =SQRT((EXP(I37*I37)-1)*EXP(2*H37+I37*I37)) -> 0.30397591 | M37: =L37/K37 -> 0.016434915 | N37: =VLOOKUP($A37,TABEL,N$10,FALSE) -> 20 | O37: =VLOOKUP($A37,TABEL,O$10,FALSE) -> 21 | P37: =(LN(O37)+LN(N37))/2 -> 3.0201274 | Q37: =(LN(O37)-LN(N37))/(2*1.645) -> 0.014829837 | R37: =EXP(P37) -> 20.493902 | S37: =EXP(P37+Q37*Q37/2) -> 20.496155 | T37: =SQRT((EXP(Q37*Q37)-1)*EXP(2*P37+Q37*Q37)) -> 0.30397136 | U37: =T37/S37 -> 0.014830653 | V37: =VLOOKUP($A37,TABEL,V$10,FALSE)/2+AA37/2 -> 30.95 | W37: =IF(V37="-","-",EXP(X37+1.645*Y37)) -> 33.072181 | X37: =IF(V37="-","-",LN(AA37)-Y37*Y37/2) -> 3.4655327 | Y37: =IF(V37="-","-",(SQRT(1.645^2+2*LN(AA37/V37))-1.645)) -> 0.020157893 | Z37: =IF(V37="-","-",EXP(X37)) -> 31.993499 | AA37: =VLOOKUP($A37,TABEL,AA$10,FALSE) -> 32 | AB37: =IF(V37="-","-",SQRT((EXP(Y37*Y37)-1)*EXP(2*X37+Y37*Y37))) -> 0.6451181 | AC37: =IF(V37="-","-",AB37/AA37) -> 0.020159941 | AD37: =VLOOKUP($A37,TABEL,AD$10,FALSE) -> - | AE37: =IF(AD37="-","-",EXP(AF37+1.645*AG37)) -> - | AF37: =IF(AD37="-","-",LN(AI37)-AG37*AG37/2) -> - | AG37: =IF(AD37="-","-",(SQRT(1.645^2+2*LN(AI37/AD37))-1.645)) -> - | AH37: =IF(AD37="-","-",EXP(AF37)) -> - | AI37: =VLOOKUP($A37,TABEL,AI$10,FALSE) -> - | AJ37: =IF(AD37="-","-",SQRT((EXP(AG37*AG37)-1)*EXP(2*AF37+AG37*AG37))) -> - | AK37: =IF(AD37="-","-",AJ37/AI37) -> - | AL37: =VLOOKUP($A37,TABEL,AL$10,FALSE) -> - | AM37: =IF(AL37="-","-",EXP(AN37+1.645*AO37)) -> - | AN37: =IF(AL37="-","-",LN(AQ37)-AO37*AO37/2) -> - | AO37: =IF(AL37="-","-",(SQRT(1.645^2+2*LN(AQ37/AL37))-1.645)) -> - | AP37: =IF(AL37="-","-",EXP(AN37)) -> - | AQ37: =VLOOKUP($A37,TABEL,AQ$10,FALSE) -> - | AR37: =IF(AL37="-","-",SQRT((EXP(AO37*AO37)-1)*EXP(2*AN37+AO37*AO37))) -> - | AS37: =IF(AL37="-","-",AR37/AQ37) -> - | AT37: =VLOOKUP($A37,TABEL,AT$10,FALSE) -> - | AU37: =IF(AT37="-","-",EXP(AV37+1.645*AW37)) -> - | AV37: =IF(AT37="-","-",LN(AY37)-AW37*AW37/2) -> - | AW37: =IF(AT37="-","-",(SQRT(1.645^2+2*LN(AY37/AT37))-1.645)) -> - | AX37: =IF(AT37="-","-",EXP(AV37)) -> - | AY37: =VLOOKUP($A37,TABEL,AY$10,FALSE) -> - | AZ37: =IF(AT37="-","-",SQRT((EXP(AW37*AW37)-1)*EXP(2*AV37+AW37*AW37))) -> - | BA37: =IF(AT37="-","-",AZ37/AY37) -> - | BB37: =VLOOKUP($A37,TABEL,BB$10,FALSE) -> - | BC37: =IF(BB37="-","-",EXP(BD37+1.645*BE37)) -> - | BD37: =IF(BB37="-","-",LN(BG37)-BE37*BE37/2) -> - | BE37: =IF(BB37="-","-",(SQRT(1.645^2+2*LN(BG37/BB37))-1.645)) -> - | BF37: =IF(BB37="-","-",EXP(BD37)) -> - | BG37: =BB37 -> - | BH37: =IF(BB37="-","-",SQRT((EXP(BE37*BE37)-1)*EXP(2*BD37+BE37*BE37))) -> - | BI37: =IF(BB37="-","-",BH37/BG37) -> - | BJ37: =VLOOKUP($A37,TABEL,BJ$10,FALSE) -> 103 | BK37: =VLOOKUP($A37,TABEL,BK$10,FALSE) -> 103 | BL37: =(LN(BK37)+LN(BJ37))/2 -> 4.634729 | BM37: =(LN(BK37)-LN(BJ37))/(2*1.645) -> 0 | BN37: =IF(BJ37="-","-",EXP(BL37)) -> 103 | BO37: =EXP(BL37+BM37*BM37/2) -> 103 | BP37: =SQRT((EXP(BM37*BM37)-1)*EXP(2*BL37+BM37*BM37)) -> 0 | BQ37: =BP37/BO37 -> 0
A38: H_Rk_k_k | B38: CLAY | E38: =VLOOKUP(A38,Kleurtabel!$A$2:$F$822,6,FALSE) -> #8000FF00 | F38: =VLOOKUP($A38,TABEL,F$10,FALSE) -> 14 | G38: =VLOOKUP($A38,TABEL,G$10,FALSE) -> 17 | H38: =(LN(G38)+LN(F38))/2 -> 2.7361353 | I38: =(LN(G38)-LN(F38))/(2*1.645) -> 0.059013986 | J38: =IF(F38="-","-",EXP(H38)) -> 15.427249 | K38: =EXP(H38+I38*I38/2) -> 15.454136 | L38: =SQRT((EXP(I38*I38)-1)*EXP(2*H38+I38*I38)) -> 0.91280479 | M38: =L38/K38 -> 0.059065405 | N38: =VLOOKUP($A38,TABEL,N$10,FALSE) -> 14 | O38: =VLOOKUP($A38,TABEL,O$10,FALSE) -> 17 | P38: =(LN(O38)+LN(N38))/2 -> 2.7361353 | Q38: =(LN(O38)-LN(N38))/(2*1.645) -> 0.059013986 | R38: =EXP(P38) -> 15.427249 | S38: =EXP(P38+Q38*Q38/2) -> 15.454136 | T38: =SQRT((EXP(Q38*Q38)-1)*EXP(2*P38+Q38*Q38)) -> 0.91280479 | U38: =T38/S38 -> 0.059065405 | V38: =VLOOKUP($A38,TABEL,V$10,FALSE)/2+AA38/2 -> 38 | W38: =IF(V38="-","-",EXP(X38+1.645*Y38)) -> 46.255591 | X38: =IF(V38="-","-",LN(AA38)-Y38*Y38/2) -> 3.7358842 | Y38: =IF(V38="-","-",(SQRT(1.645^2+2*LN(AA38/V38))-1.645)) -> 0.059755677 | Z38: =IF(V38="-","-",EXP(X38)) -> 41.925081 | AA38: =VLOOKUP($A38,TABEL,AA$10,FALSE) -> 42 | AB38: =IF(V38="-","-",SQRT((EXP(Y38*Y38)-1)*EXP(2*X38+Y38*Y38))) -> 2.5119805 | AC38: =IF(V38="-","-",AB38/AA38) -> 0.059809059 | AD38: =VLOOKUP($A38,TABEL,AD$10,FALSE) -> 0.281 | AE38: =IF(AD38="-","-",EXP(AF38+1.645*AG38)) -> 0.29917961 | AF38: =IF(AD38="-","-",LN(AI38)-AG38*AG38/2) -> -1.2380559 | AG38: =IF(AD38="-","-",(SQRT(1.645^2+2*LN(AI38/AD38))-1.645)) -> 0.019054539 | AH38: =IF(AD38="-","-",EXP(AF38)) -> 0.28994736 | AI38: =VLOOKUP($A38,TABEL,AI$10,FALSE) -> 0.29 | AJ38: =IF(AD38="-","-",SQRT((EXP(AG38*AG38)-1)*EXP(2*AF38+AG38*AG38))) -> 0.0055263178 | AK38: =IF(AD38="-","-",AJ38/AI38) -> 0.019056268 | AL38: =VLOOKUP($A38,TABEL,AL$10,FALSE) -> 0.892 | AM38: =IF(AL38="-","-",EXP(AN38+1.645*AO38)) -> 0.90804509 | AN38: =IF(AL38="-","-",LN(AQ38)-AO38*AO38/2) -> -0.1053752 | AO38: =IF(AL38="-","-",(SQRT(1.645^2+2*LN(AQ38/AL38))-1.645)) -> 0.005418814 | AP38: =IF(AL38="-","-",EXP(AN38)) -> 0.89998679 | AQ38: =VLOOKUP($A38,TABEL,AQ$10,FALSE) -> 0.9 | AR38: =IF(AL38="-","-",SQRT((EXP(AO38*AO38)-1)*EXP(2*AN38+AO38*AO38))) -> 0.0048769684 | AS38: =IF(AL38="-","-",AR38/AQ38) -> 0.0054188537 | AT38: =VLOOKUP($A38,TABEL,AT$10,FALSE) -> 11.57 | AU38: =IF(AT38="-","-",EXP(AV38+1.645*AW38)) -> 36.715039 | AV38: =IF(AT38="-","-",LN(AY38)-AW38*AW38/2) -> 3.025801 | AW38: =IF(AT38="-","-",(SQRT(1.645^2+2*LN(AY38/AT38))-1.645)) -> 0.3509942 | AX38: =IF(AT38="-","-",EXP(AV38)) -> 20.610507 | AY38: =VLOOKUP($A38,TABEL,AY$10,FALSE) -> 21.92 | AZ38: =IF(AT38="-","-",SQRT((EXP(AW38*AW38)-1)*EXP(2*AV38+AW38*AW38))) -> 7.9369516 | BA38: =IF(AT38="-","-",AZ38/AY38) -> 0.36208721 | BB38: =VLOOKUP($A38,TABEL,BB$10,FALSE) -> 6 | BC38: =IF(BB38="-","-",EXP(BD38+1.645*BE38)) -> 6 | BD38: =IF(BB38="-","-",LN(BG38)-BE38*BE38/2) -> 1.7917595 | BE38: =IF(BB38="-","-",(SQRT(1.645^2+2*LN(BG38/BB38))-1.645)) -> 0 | BF38: =IF(BB38="-","-",EXP(BD38)) -> 6 | BG38: =BB38 -> 6 | BH38: =IF(BB38="-","-",SQRT((EXP(BE38*BE38)-1)*EXP(2*BD38+BE38*BE38))) -> 0 | BI38: =IF(BB38="-","-",BH38/BG38) -> 0 | BJ38: =VLOOKUP($A38,TABEL,BJ$10,FALSE) -> 40 | BK38: =VLOOKUP($A38,TABEL,BK$10,FALSE) -> 90 | BL38: =(LN(BK38)+LN(BJ38))/2 -> 4.0943446 | BM38: =(LN(BK38)-LN(BJ38))/(2*1.645) -> 0.24648335 | BN38: =IF(BJ38="-","-",EXP(BL38)) -> 60 | BO38: =EXP(BL38+BM38*BM38/2) -> 61.850587 | BP38: =SQRT((EXP(BM38*BM38)-1)*EXP(2*BL38+BM38*BM38)) -> 15.479648 | BQ38: =BP38/BO38 -> 0.25027488
A39: H_Rk_k_z | B39: CLAY | E39: =VLOOKUP(A39,Kleurtabel!$A$2:$F$822,6,FALSE) -> #8000FF00 | F39: =VLOOKUP($A39,TABEL,F$10,FALSE) -> 18 | G39: =VLOOKUP($A39,TABEL,G$10,FALSE) -> 19 | H39: =(LN(G39)+LN(F39))/2 -> 2.9174054 | I39: =(LN(G39)-LN(F39))/(2*1.645) -> 0.016433806 | J39: =IF(F39="-","-",EXP(H39)) -> 18.493242 | K39: =EXP(H39+I39*I39/2) -> 18.495739 | L39: =SQRT((EXP(I39*I39)-1)*EXP(2*H39+I39*I39)) -> 0.30397591 | M39: =L39/K39 -> 0.016434915 | N39: =VLOOKUP($A39,TABEL,N$10,FALSE) -> 20 | O39: =VLOOKUP($A39,TABEL,O$10,FALSE) -> 21 | P39: =(LN(O39)+LN(N39))/2 -> 3.0201274 | Q39: =(LN(O39)-LN(N39))/(2*1.645) -> 0.014829837 | R39: =EXP(P39) -> 20.493902 | S39: =EXP(P39+Q39*Q39/2) -> 20.496155 | T39: =SQRT((EXP(Q39*Q39)-1)*EXP(2*P39+Q39*Q39)) -> 0.30397136 | U39: =T39/S39 -> 0.014830653 | V39: =VLOOKUP($A39,TABEL,V$10,FALSE)/2+AA39/2 -> 30.95 | W39: =IF(V39="-","-",EXP(X39+1.645*Y39)) -> 33.072181 | X39: =IF(V39="-","-",LN(AA39)-Y39*Y39/2) -> 3.4655327 | Y39: =IF(V39="-","-",(SQRT(1.645^2+2*LN(AA39/V39))-1.645)) -> 0.020157893 | Z39: =IF(V39="-","-",EXP(X39)) -> 31.993499 | AA39: =VLOOKUP($A39,TABEL,AA$10,FALSE) -> 32 | AB39: =IF(V39="-","-",SQRT((EXP(Y39*Y39)-1)*EXP(2*X39+Y39*Y39))) -> 0.6451181 | AC39: =IF(V39="-","-",AB39/AA39) -> 0.020159941 | AD39: =VLOOKUP($A39,TABEL,AD$10,FALSE) -> - | AE39: =IF(AD39="-","-",EXP(AF39+1.645*AG39)) -> - | AF39: =IF(AD39="-","-",LN(AI39)-AG39*AG39/2) -> - | AG39: =IF(AD39="-","-",(SQRT(1.645^2+2*LN(AI39/AD39))-1.645)) -> - | AH39: =IF(AD39="-","-",EXP(AF39)) -> - | AI39: =VLOOKUP($A39,TABEL,AI$10,FALSE) -> - | AJ39: =IF(AD39="-","-",SQRT((EXP(AG39*AG39)-1)*EXP(2*AF39+AG39*AG39))) -> - | AK39: =IF(AD39="-","-",AJ39/AI39) -> - | AL39: =VLOOKUP($A39,TABEL,AL$10,FALSE) -> - | AM39: =IF(AL39="-","-",EXP(AN39+1.645*AO39)) -> - | AN39: =IF(AL39="-","-",LN(AQ39)-AO39*AO39/2) -> - | AO39: =IF(AL39="-","-",(SQRT(1.645^2+2*LN(AQ39/AL39))-1.645)) -> - | AP39: =IF(AL39="-","-",EXP(AN39)) -> - | AQ39: =VLOOKUP($A39,TABEL,AQ$10,FALSE) -> - | AR39: =IF(AL39="-","-",SQRT((EXP(AO39*AO39)-1)*EXP(2*AN39+AO39*AO39))) -> - | AS39: =IF(AL39="-","-",AR39/AQ39) -> - | AT39: =VLOOKUP($A39,TABEL,AT$10,FALSE) -> - | AU39: =IF(AT39="-","-",EXP(AV39+1.645*AW39)) -> - | AV39: =IF(AT39="-","-",LN(AY39)-AW39*AW39/2) -> - | AW39: =IF(AT39="-","-",(SQRT(1.645^2+2*LN(AY39/AT39))-1.645)) -> - | AX39: =IF(AT39="-","-",EXP(AV39)) -> - | AY39: =VLOOKUP($A39,TABEL,AY$10,FALSE) -> - | AZ39: =IF(AT39="-","-",SQRT((EXP(AW39*AW39)-1)*EXP(2*AV39+AW39*AW39))) -> - | BA39: =IF(AT39="-","-",AZ39/AY39) -> - | BB39: =VLOOKUP($A39,TABEL,BB$10,FALSE) -> - | BC39: =IF(BB39="-","-",EXP(BD39+1.645*BE39)) -> - | BD39: =IF(BB39="-","-",LN(BG39)-BE39*BE39/2) -> - | BE39: =IF(BB39="-","-",(SQRT(1.645^2+2*LN(BG39/BB39))-1.645)) -> - | BF39: =IF(BB39="-","-",EXP(BD39)) -> - | BG39: =BB39 -> - | BH39: =IF(BB39="-","-",SQRT((EXP(BE39*BE39)-1)*EXP(2*BD39+BE39*BE39))) -> - | BI39: =IF(BB39="-","-",BH39/BG39) -> - | BJ39: =VLOOKUP($A39,TABEL,BJ$10,FALSE) -> 103 | BK39: =VLOOKUP($A39,TABEL,BK$10,FALSE) -> 103 | BL39: =(LN(BK39)+LN(BJ39))/2 -> 4.634729 | BM39: =(LN(BK39)-LN(BJ39))/(2*1.645) -> 0 | BN39: =IF(BJ39="-","-",EXP(BL39)) -> 103 | BO39: =EXP(BL39+BM39*BM39/2) -> 103 | BP39: =SQRT((EXP(BM39*BM39)-1)*EXP(2*BL39+BM39*BM39)) -> 0 | BQ39: =BP39/BO39 -> 0
A40: H_Rk_k_v | B40: CLAY_ORGANIC | E40: =VLOOKUP(A40,Kleurtabel!$A$2:$F$822,6,FALSE) -> #N/A | F40: =F41 -> 13 | G40: =G41 -> 15 | H40: =H41 -> 2.6364998 | I40: =I41 -> 0.043495697 | J40: =J41 -> 13.96424 | K40: =K41 -> 13.977456 | L40: =L41 -> 0.60824683 | M40: =M41 -> 0.043516277 | ... BQ40: =BQ41 -> 0.25027488
A41: H_Rk_k&v | B41: CLAY_ORGANIC | E41: =VLOOKUP(A41,Kleurtabel!$A$2:$F$822,6,FALSE) -> #808E9593 | F41: =VLOOKUP($A41,TABEL,F$10,FALSE) -> 13 | G41: =VLOOKUP($A41,TABEL,G$10,FALSE) -> 15 | H41: =(LN(G41)+LN(F41))/2 -> 2.6364998 | I41: =(LN(G41)-LN(F41))/(2*1.645) -> 0.043495697 | J41: =IF(F41="-","-",EXP(H41)) -> 13.96424 | K41: =EXP(H41+I41*I41/2) -> 13.977456 | L41: =SQRT((EXP(I41*I41)-1)*EXP(2*H41+I41*I41)) -> 0.60824683 | M41: =L41/K41 -> 0.043516277 | N41: =VLOOKUP($A41,TABEL,N$10,FALSE) -> 13 | O41: =VLOOKUP($A41,TABEL,O$10,FALSE) -> 15 | P41: =(LN(O41)+LN(N41))/2 -> 2.6364998 | Q41: =(LN(O41)-LN(N41))/(2*1.645) -> 0.043495697 | R41: =EXP(P41) -> 13.96424 | S41: =EXP(P41+Q41*Q41/2) -> 13.977456 | T41: =SQRT((EXP(Q41*Q41)-1)*EXP(2*P41+Q41*Q41)) -> 0.60824683 | U41: =T41/S41 -> 0.043516277 | V41: =VLOOKUP($A41,TABEL,V$10,FALSE)/2+AA41/2 -> 41 | W41: =IF(V41="-","-",EXP(X41+1.645*Y41)) -> 51.36799 | X41: =IF(V41="-","-",LN(AA41)-Y41*Y41/2) -> 3.8262936 | Y41: =IF(V41="-","-",(SQRT(1.645^2+2*LN(AA41/V41))-1.645)) -> 0.068523755 | Z41: =IF(V41="-","-",EXP(X41)) -> 45.89213 | AA41: =VLOOKUP($A41,TABEL,AA$10,FALSE) -> 46 | AB41: =IF(V41="-","-",SQRT((EXP(Y41*Y41)-1)*EXP(2*X41+Y41*Y41))) -> 3.1557965 | AC41: =IF(V41="-","-",AB41/AA41) -> 0.068604272 | AD41: =VLOOKUP($A41,TABEL,AD$10,FALSE) -> 0.306 | AE41: =IF(AD41="-","-",EXP(AF41+1.645*AG41)) -> 0.32416509 | AF41: =IF(AD41="-","-",LN(AI41)-AG41*AG41/2) -> -1.1553363 | AG41: =IF(AD41="-","-",(SQRT(1.645^2+2*LN(AI41/AD41))-1.645)) -> 0.017528217 | AH41: =IF(AD41="-","-",EXP(AF41)) -> 0.31495161 | AI41: =VLOOKUP($A41,TABEL,AI$10,FALSE) -> 0.315 | AJ41: =IF(AD41="-","-",SQRT((EXP(AG41*AG41)-1)*EXP(2*AF41+AG41*AG41))) -> 0.0055218126 | AK41: =IF(AD41="-","-",AJ41/AI41) -> 0.017529564 | AL41: =VLOOKUP($A41,TABEL,AL$10,FALSE) -> 0.891 | AM41: =IF(AL41="-","-",EXP(AN41+1.645*AO41)) -> 0.9090571 | AN41: =IF(AL41="-","-",LN(AQ41)-AO41*AO41/2) -> -0.10537911 | AO41: =IF(AL41="-","-",(SQRT(1.645^2+2*LN(AQ41/AL41))-1.645)) -> 0.0060983228 | AP41: =IF(AL41="-","-",EXP(AN41)) -> 0.89998326 | AQ41: =VLOOKUP($A41,TABEL,AQ$10,FALSE) -> 0.9 | AR41: =IF(AL41="-","-",SQRT((EXP(AO41*AO41)-1)*EXP(2*AN41+AO41*AO41))) -> 0.0054885416 | AS41: =IF(AL41="-","-",AR41/AQ41) -> 0.0060983795 | AT41: =VLOOKUP($A41,TABEL,AT$10,FALSE) -> 5.67 | AU41: =IF(AT41="-","-",EXP(AV41+1.645*AW41)) -> 38.585736 | AV41: =IF(AT41="-","-",LN(AY41)-AW41*AW41/2) -> 2.6940359 | AW41: =IF(AT41="-","-",(SQRT(1.645^2+2*LN(AY41/AT41))-1.645)) -> 0.58288558 | AX41: =IF(AT41="-","-",EXP(AV41)) -> 14.791252 | AY41: =VLOOKUP($A41,TABEL,AY$10,FALSE) -> 17.53 | AZ41: =IF(AT41="-","-",SQRT((EXP(AW41*AW41)-1)*EXP(2*AV41+AW41*AW41))) -> 11.150572 | BA41: =IF(AT41="-","-",AZ41/AY41) -> 0.63608511 | BB41: =VLOOKUP($A41,TABEL,BB$10,FALSE) -> 4.1 | BC41: =IF(BB41="-","-",EXP(BD41+1.645*BE41)) -> 4.1 | BD41: =IF(BB41="-","-",LN(BG41)-BE41*BE41/2) -> 1.410987 | BE41: =IF(BB41="-","-",(SQRT(1.645^2+2*LN(BG41/BB41))-1.645)) -> 0 | BF41: =IF(BB41="-","-",EXP(BD41)) -> 4.1 | BG41: =BB41 -> 4.1 | BH41: =IF(BB41="-","-",SQRT((EXP(BE41*BE41)-1)*EXP(2*BD41+BE41*BE41))) -> 0 | BI41: =IF(BB41="-","-",BH41/BG41) -> 0 | BJ41: =VLOOKUP($A41,TABEL,BJ$10,FALSE) -> 40 | BK41: =VLOOKUP($A41,TABEL,BK$10,FALSE) -> 90 | BL41: =(LN(BK41)+LN(BJ41))/2 -> 4.0943446 | BM41: =(LN(BK41)-LN(BJ41))/(2*1.645) -> 0.24648335 | BN41: =IF(BJ41="-","-",EXP(BL41)) -> 60 | BO41: =EXP(BL41+BM41*BM41/2) -> 61.850587 | BP41: =SQRT((EXP(BM41*BM41)-1)*EXP(2*BL41+BM41*BM41)) -> 15.479648 | BQ41: =BP41/BO41 -> 0.25027488
A42: H_Rk_ko | B42: CLAY_ORGANIC | E42: =VLOOKUP(A42,Kleurtabel!$A$2:$F$822,6,FALSE) -> #807DA030 | F42: =VLOOKUP($A42,TABEL,F$10,FALSE) -> 13 | G42: =VLOOKUP($A42,TABEL,G$10,FALSE) -> 15 | H42: =(LN(G42)+LN(F42))/2 -> 2.6364998 | I42: =(LN(G42)-LN(F42))/(2*1.645) -> 0.043495697 | J42: =IF(F42="-","-",EXP(H42)) -> 13.96424 | K42: =EXP(H42+I42*I42/2) -> 13.977456 | L42: =SQRT((EXP(I42*I42)-1)*EXP(2*H42+I42*I42)) -> 0.60824683 | M42: =L42/K42 -> 0.043516277 | N42: =VLOOKUP($A42,TABEL,N$10,FALSE) -> 13 | O42: =VLOOKUP($A42,TABEL,O$10,FALSE) -> 15 | P42: =(LN(O42)+LN(N42))/2 -> 2.6364998 | Q42: =(LN(O42)-LN(N42))/(2*1.645) -> 0.043495697 | R42: =EXP(P42) -> 13.96424 | S42: =EXP(P42+Q42*Q42/2) -> 13.977456 | T42: =SQRT((EXP(Q42*Q42)-1)*EXP(2*P42+Q42*Q42)) -> 0.60824683 | U42: =T42/S42 -> 0.043516277 | V42: =VLOOKUP($A42,TABEL,V$10,FALSE)/2+AA42/2 -> 41 | W42: =IF(V42="-","-",EXP(X42+1.645*Y42)) -> 51.36799 | X42: =IF(V42="-","-",LN(AA42)-Y42*Y42/2) -> 3.8262936 | Y42: =IF(V42="-","-",(SQRT(1.645^2+2*LN(AA42/V42))-1.645)) -> 0.068523755 | Z42: =IF(V42="-","-",EXP(X42)) -> 45.89213 | AA42: =VLOOKUP($A42,TABEL,AA$10,FALSE) -> 46 | AB42: =IF(V42="-","-",SQRT((EXP(Y42*Y42)-1)*EXP(2*X42+Y42*Y42))) -> 3.1557965 | AC42: =IF(V42="-","-",AB42/AA42) -> 0.068604272 | AD42: =VLOOKUP($A42,TABEL,AD$10,FALSE) -> 0.306 | AE42: =IF(AD42="-","-",EXP(AF42+1.645*AG42)) -> 0.32416509 | AF42: =IF(AD42="-","-",LN(AI42)-AG42*AG42/2) -> -1.1553363 | AG42: =IF(AD42="-","-",(SQRT(1.645^2+2*LN(AI42/AD42))-1.645)) -> 0.017528217 | AH42: =IF(AD42="-","-",EXP(AF42)) -> 0.31495161 | AI42: =VLOOKUP($A42,TABEL,AI$10,FALSE) -> 0.315 | AJ42: =IF(AD42="-","-",SQRT((EXP(AG42*AG42)-1)*EXP(2*AF42+AG42*AG42))) -> 0.0055218126 | AK42: =IF(AD42="-","-",AJ42/AI42) -> 0.017529564 | AL42: =VLOOKUP($A42,TABEL,AL$10,FALSE) -> 0.891 | AM42: =IF(AL42="-","-",EXP(AN42+1.645*AO42)) -> 0.9090571 | AN42: =IF(AL42="-","-",LN(AQ42)-AO42*AO42/2) -> -0.10537911 | AO42: =IF(AL42="-","-",(SQRT(1.645^2+2*LN(AQ42/AL42))-1.645)) -> 0.0060983228 | AP42: =IF(AL42="-","-",EXP(AN42)) -> 0.89998326 | AQ42: =VLOOKUP($A42,TABEL,AQ$10,FALSE) -> 0.9 | AR42: =IF(AL42="-","-",SQRT((EXP(AO42*AO42)-1)*EXP(2*AN42+AO42*AO42))) -> 0.0054885416 | AS42: =IF(AL42="-","-",AR42/AQ42) -> 0.0060983795 | AT42: =VLOOKUP($A42,TABEL,AT$10,FALSE) -> 5.67 | AU42: =IF(AT42="-","-",EXP(AV42+1.645*AW42)) -> 38.585736 | AV42: =IF(AT42="-","-",LN(AY42)-AW42*AW42/2) -> 2.6940359 | AW42: =IF(AT42="-","-",(SQRT(1.645^2+2*LN(AY42/AT42))-1.645)) -> 0.58288558 | AX42: =IF(AT42="-","-",EXP(AV42)) -> 14.791252 | AY42: =VLOOKUP($A42,TABEL,AY$10,FALSE) -> 17.53 | AZ42: =IF(AT42="-","-",SQRT((EXP(AW42*AW42)-1)*EXP(2*AV42+AW42*AW42))) -> 11.150572 | BA42: =IF(AT42="-","-",AZ42/AY42) -> 0.63608511 | BB42: =VLOOKUP($A42,TABEL,BB$10,FALSE) -> 4.1 | BC42: =IF(BB42="-","-",EXP(BD42+1.645*BE42)) -> 4.1 | BD42: =IF(BB42="-","-",LN(BG42)-BE42*BE42/2) -> 1.410987 | BE42: =IF(BB42="-","-",(SQRT(1.645^2+2*LN(BG42/BB42))-1.645)) -> 0 | BF42: =IF(BB42="-","-",EXP(BD42)) -> 4.1 | BG42: =BB42 -> 4.1 | BH42: =IF(BB42="-","-",SQRT((EXP(BE42*BE42)-1)*EXP(2*BD42+BE42*BE42))) -> 0 | BI42: =IF(BB42="-","-",BH42/BG42) -> 0 | BJ42: =VLOOKUP($A42,TABEL,BJ$10,FALSE) -> 40 | BK42: =VLOOKUP($A42,TABEL,BK$10,FALSE) -> 90 | BL42: =(LN(BK42)+LN(BJ42))/2 -> 4.0943446 | BM42: =(LN(BK42)-LN(BJ42))/(2*1.645) -> 0.24648335 | BN42: =IF(BJ42="-","-",EXP(BL42)) -> 60 | BO42: =EXP(BL42+BM42*BM42/2) -> 61.850587 | BP42: =SQRT((EXP(BM42*BM42)-1)*EXP(2*BL42+BM42*BM42)) -> 15.479648 | BQ42: =BP42/BO42 -> 0.25027488
A43: H_Rk_vk | B43: CLAY_ORGANIC | E43: =VLOOKUP(A43,Kleurtabel!$A$2:$F$822,6,FALSE) -> #80800000 | F43: =VLOOKUP($A43,TABEL,F$10,FALSE) -> 10 | G43: =VLOOKUP($A43,TABEL,G$10,FALSE) -> 12 | H43: =(LN(G43)+LN(F43))/2 -> 2.3937459 | I43: =(LN(G43)-LN(F43))/(2*1.645) -> 0.055416887 | J43: =IF(F43="-","-",EXP(H43)) -> 10.954451 | K43: =EXP(H43+I43*I43/2) -> 10.971285 | L43: =SQRT((EXP(I43*I43)-1)*EXP(2*H43+I43*I43)) -> 0.60846154 | M43: =L43/K43 -> 0.055459461 | N43: =VLOOKUP($A43,TABEL,N$10,FALSE) -> 10 | O43: =VLOOKUP($A43,TABEL,O$10,FALSE) -> 12 | P43: =(LN(O43)+LN(N43))/2 -> 2.3937459 | Q43: =(LN(O43)-LN(N43))/(2*1.645) -> 0.055416887 | R43: =EXP(P43) -> 10.954451 | S43: =EXP(P43+Q43*Q43/2) -> 10.971285 | T43: =SQRT((EXP(Q43*Q43)-1)*EXP(2*P43+Q43*Q43)) -> 0.60846154 | U43: =T43/S43 -> 0.055459461 | V43: =VLOOKUP($A43,TABEL,V$10,FALSE)/2+AA43/2 -> 37 | W43: =IF(V43="-","-",EXP(X43+1.645*Y43)) -> 51.781072 | X43: =IF(V43="-","-",LN(AA43)-Y43*Y43/2) -> 3.7789713 | Y43: =IF(V43="-","-",(SQRT(1.645^2+2*LN(AA43/V43))-1.645)) -> 0.10216011 | Z43: =IF(V43="-","-",EXP(X43)) -> 43.770991 | AA43: =VLOOKUP($A43,TABEL,AA$10,FALSE) -> 44 | AB43: =IF(V43="-","-",SQRT((EXP(Y43*Y43)-1)*EXP(2*X43+Y43*Y43))) -> 4.5067986 | AC43: =IF(V43="-","-",AB43/AA43) -> 0.10242724 | AD43: =VLOOKUP($A43,TABEL,AD$10,FALSE) -> 0.311 | AE43: =IF(AD43="-","-",EXP(AF43+1.645*AG43)) -> 0.32916247 | AF43: =IF(AD43="-","-",LN(AI43)-AG43*AG43/2) -> -1.1395831 | AG43: =IF(AD43="-","-",(SQRT(1.645^2+2*LN(AI43/AD43))-1.645)) -> 0.017251836 | AH43: =IF(AD43="-","-",EXP(AF43)) -> 0.31995238 | AI43: =VLOOKUP($A43,TABEL,AI$10,FALSE) -> 0.32 | AJ43: =IF(AD43="-","-",SQRT((EXP(AG43*AG43)-1)*EXP(2*AF43+AG43*AG43))) -> 0.0055209984 | AK43: =IF(AD43="-","-",AJ43/AI43) -> 0.01725312 | AL43: =VLOOKUP($A43,TABEL,AL$10,FALSE) -> 0.891 | AM43: =IF(AL43="-","-",EXP(AN43+1.645*AO43)) -> 0.9090571 | AN43: =IF(AL43="-","-",LN(AQ43)-AO43*AO43/2) -> -0.10537911 | AO43: =IF(AL43="-","-",(SQRT(1.645^2+2*LN(AQ43/AL43))-1.645)) -> 0.0060983228 | AP43: =IF(AL43="-","-",EXP(AN43)) -> 0.89998326 | AQ43: =VLOOKUP($A43,TABEL,AQ$10,FALSE) -> 0.9 | AR43: =IF(AL43="-","-",SQRT((EXP(AO43*AO43)-1)*EXP(2*AN43+AO43*AO43))) -> 0.0054885416 | AS43: =IF(AL43="-","-",AR43/AQ43) -> 0.0060983795 | AT43: =VLOOKUP($A43,TABEL,AT$10,FALSE) -> 13.43 | AU43: =IF(AT43="-","-",EXP(AV43+1.645*AW43)) -> 42.882962 | AV43: =IF(AT43="-","-",LN(AY43)-AW43*AW43/2) -> 3.1779828 | AW43: =IF(AT43="-","-",(SQRT(1.645^2+2*LN(AY43/AT43))-1.645)) -> 0.35288255 | AX43: =IF(AT43="-","-",EXP(AV43)) -> 23.998295 | AY43: =VLOOKUP($A43,TABEL,AY$10,FALSE) -> 25.54 | AZ43: =IF(AT43="-","-",SQRT((EXP(AW43*AW43)-1)*EXP(2*AV43+AW43*AW43))) -> 9.3006137 | BA43: =IF(AT43="-","-",AZ43/AY43) -> 0.36415872 | BB43: =VLOOKUP($A43,TABEL,BB$10,FALSE) -> 3.4 | BC43: =IF(BB43="-","-",EXP(BD43+1.645*BE43)) -> 3.4 | BD43: =IF(BB43="-","-",LN(BG43)-BE43*BE43/2) -> 1.2237754 | BE43: =IF(BB43="-","-",(SQRT(1.645^2+2*LN(BG43/BB43))-1.645)) -> 0 | BF43: =IF(BB43="-","-",EXP(BD43)) -> 3.4 | BG43: =BB43 -> 3.4 | BH43: =IF(BB43="-","-",SQRT((EXP(BE43*BE43)-1)*EXP(2*BD43+BE43*BE43))) -> 0 | BI43: =IF(BB43="-","-",BH43/BG43) -> 0 | BJ43: =VLOOKUP($A43,TABEL,BJ$10,FALSE) -> 35 | BK43: =VLOOKUP($A43,TABEL,BK$10,FALSE) -> 45 | BL43: =(LN(BK43)+LN(BJ43))/2 -> 3.6810053 | BM43: =(LN(BK43)-LN(BJ43))/(2*1.645) -> 0.076387364 | BN43: =IF(BJ43="-","-",EXP(BL43)) -> 39.68627 | BO43: =EXP(BL43+BM43*BM43/2) -> 39.802224 | BP43: =SQRT((EXP(BM43*BM43)-1)*EXP(2*BL43+BM43*BM43)) -> 3.0448276 | BQ43: =BP43/BO43 -> 0.07649893
A44: H_Vhv_v | B44: FIBROUS_PEAT | E44: =VLOOKUP(A44,Kleurtabel!$A$2:$F$822,6,FALSE) -> #80993300 | F44: =VLOOKUP($A44,TABEL,F$10,FALSE) -> 10 | G44: =VLOOKUP($A44,TABEL,G$10,FALSE) -> 12 | H44: =(LN(G44)+LN(F44))/2 -> 2.3937459 | I44: =(LN(G44)-LN(F44))/(2*1.645) -> 0.055416887 | J44: =IF(F44="-","-",EXP(H44)) -> 10.954451 | K44: =EXP(H44+I44*I44/2) -> 10.971285 | L44: =SQRT((EXP(I44*I44)-1)*EXP(2*H44+I44*I44)) -> 0.60846154 | M44: =L44/K44 -> 0.055459461 | N44: =VLOOKUP($A44,TABEL,N$10,FALSE) -> 10 | O44: =VLOOKUP($A44,TABEL,O$10,FALSE) -> 12 | P44: =(LN(O44)+LN(N44))/2 -> 2.3937459 | Q44: =(LN(O44)-LN(N44))/(2*1.645) -> 0.055416887 | R44: =EXP(P44) -> 10.954451 | S44: =EXP(P44+Q44*Q44/2) -> 10.971285 | T44: =SQRT((EXP(Q44*Q44)-1)*EXP(2*P44+Q44*Q44)) -> 0.60846154 | U44: =T44/S44 -> 0.055459461 | V44: =VLOOKUP($A44,TABEL,V$10,FALSE)/2+AA44/2 -> 37 | W44: =IF(V44="-","-",EXP(X44+1.645*Y44)) -> 51.781072 | X44: =IF(V44="-","-",LN(AA44)-Y44*Y44/2) -> 3.7789713 | Y44: =IF(V44="-","-",(SQRT(1.645^2+2*LN(AA44/V44))-1.645)) -> 0.10216011 | Z44: =IF(V44="-","-",EXP(X44)) -> 43.770991 | AA44: =VLOOKUP($A44,TABEL,AA$10,FALSE) -> 44 | AB44: =IF(V44="-","-",SQRT((EXP(Y44*Y44)-1)*EXP(2*X44+Y44*Y44))) -> 4.5067986 | AC44: =IF(V44="-","-",AB44/AA44) -> 0.10242724 | AD44: =VLOOKUP($A44,TABEL,AD$10,FALSE) -> 0.391 | AE44: =IF(AD44="-","-",EXP(AF44+1.645*AG44)) -> 0.3990257 | AF44: =IF(AD44="-","-",LN(AI44)-AG44*AG44/2) -> -0.92888858 | AG44: =IF(AD44="-","-",(SQRT(1.645^2+2*LN(AI44/AD44))-1.645)) -> 0.0061757659 | AH44: =IF(AD44="-","-",EXP(AF44)) -> 0.39499247 | AI44: =VLOOKUP($A44,TABEL,AI$10,FALSE) -> 0.395 | AJ44: =IF(AD44="-","-",SQRT((EXP(AG44*AG44)-1)*EXP(2*AF44+AG44*AG44))) -> 0.0024394508 | AK44: =IF(AD44="-","-",AJ44/AI44) -> 0.0061758248 | AL44: =VLOOKUP($A44,TABEL,AL$10,FALSE) -> 0.892 | AM44: =IF(AL44="-","-",EXP(AN44+1.645*AO44)) -> 0.90804509 | AN44: =IF(AL44="-","-",LN(AQ44)-AO44*AO44/2) -> -0.1053752 | AO44: =IF(AL44="-","-",(SQRT(1.645^2+2*LN(AQ44/AL44))-1.645)) -> 0.005418814 | AP44: =IF(AL44="-","-",EXP(AN44)) -> 0.89998679 | AQ44: =VLOOKUP($A44,TABEL,AQ$10,FALSE) -> 0.9 | AR44: =IF(AL44="-","-",SQRT((EXP(AO44*AO44)-1)*EXP(2*AN44+AO44*AO44))) -> 0.0048769684 | AS44: =IF(AL44="-","-",AR44/AQ44) -> 0.0054188537 | AT44: =VLOOKUP($A44,TABEL,AT$10,FALSE) -> 5.54 | AU44: =IF(AT44="-","-",EXP(AV44+1.645*AW44)) -> 30.53514 | AV44: =IF(AT44="-","-",LN(AY44)-AW44*AW44/2) -> 2.5654363 | AW44: =IF(AT44="-","-",(SQRT(1.645^2+2*LN(AY44/AT44))-1.645)) -> 0.51880962 | AX44: =IF(AT44="-","-",EXP(AV44)) -> 13.006332 | AY44: =VLOOKUP($A44,TABEL,AY$10,FALSE) -> 14.88 | AZ44: =IF(AT44="-","-",SQRT((EXP(AW44*AW44)-1)*EXP(2*AV44+AW44*AW44))) -> 8.2697066 | BA44: =IF(AT44="-","-",AZ44/AY44) -> 0.55575986 | BB44: =VLOOKUP($A44,TABEL,BB$10,FALSE) -> 3.4 | BC44: =IF(BB44="-","-",EXP(BD44+1.645*BE44)) -> 3.4 | BD44: =IF(BB44="-","-",LN(BG44)-BE44*BE44/2) -> 1.2237754 | BE44: =IF(BB44="-","-",(SQRT(1.645^2+2*LN(BG44/BB44))-1.645)) -> 0 | BF44: =IF(BB44="-","-",EXP(BD44)) -> 3.4 | BG44: =BB44 -> 3.4 | BH44: =IF(BB44="-","-",SQRT((EXP(BE44*BE44)-1)*EXP(2*BD44+BE44*BE44))) -> 0 | BI44: =IF(BB44="-","-",BH44/BG44) -> 0 | BJ44: =VLOOKUP($A44,TABEL,BJ$10,FALSE) -> 35 | BK44: =VLOOKUP($A44,TABEL,BK$10,FALSE) -> 45 | BL44: =(LN(BK44)+LN(BJ44))/2 -> 3.6810053 | BM44: =(LN(BK44)-LN(BJ44))/(2*1.645) -> 0.076387364 | BN44: =IF(BJ44="-","-",EXP(BL44)) -> 39.68627 | BO44: =EXP(BL44+BM44*BM44/2) -> 39.802224 | BP44: =SQRT((EXP(BM44*BM44)-1)*EXP(2*BL44+BM44*BM44)) -> 3.0448276 | BQ44: =BP44/BO44 -> 0.07649893
A45: H_Vbv_v | B45: FIBROUS_PEAT | E45: =VLOOKUP(A45,Kleurtabel!$A$2:$F$822,6,FALSE) -> #80742700 | F45: =VLOOKUP($A45,TABEL,F$10,FALSE) -> 10 | G45: =VLOOKUP($A45,TABEL,G$10,FALSE) -> 12 | H45: =(LN(G45)+LN(F45))/2 -> 2.3937459 | I45: =(LN(G45)-LN(F45))/(2*1.645) -> 0.055416887 | J45: =IF(F45="-","-",EXP(H45)) -> 10.954451 | K45: =EXP(H45+I45*I45/2) -> 10.971285 | L45: =SQRT((EXP(I45*I45)-1)*EXP(2*H45+I45*I45)) -> 0.60846154 | M45: =L45/K45 -> 0.055459461 | N45: =VLOOKUP($A45,TABEL,N$10,FALSE) -> 10 | O45: =VLOOKUP($A45,TABEL,O$10,FALSE) -> 12 | P45: =(LN(O45)+LN(N45))/2 -> 2.3937459 | Q45: =(LN(O45)-LN(N45))/(2*1.645) -> 0.055416887 | R45: =EXP(P45) -> 10.954451 | S45: =EXP(P45+Q45*Q45/2) -> 10.971285 | T45: =SQRT((EXP(Q45*Q45)-1)*EXP(2*P45+Q45*Q45)) -> 0.60846154 | U45: =T45/S45 -> 0.055459461 | V45: =VLOOKUP($A45,TABEL,V$10,FALSE)/2+AA45/2 -> 37 | W45: =IF(V45="-","-",EXP(X45+1.645*Y45)) -> 51.781072 | X45: =IF(V45="-","-",LN(AA45)-Y45*Y45/2) -> 3.7789713 | Y45: =IF(V45="-","-",(SQRT(1.645^2+2*LN(AA45/V45))-1.645)) -> 0.10216011 | Z45: =IF(V45="-","-",EXP(X45)) -> 43.770991 | AA45: =VLOOKUP($A45,TABEL,AA$10,FALSE) -> 44 | AB45: =IF(V45="-","-",SQRT((EXP(Y45*Y45)-1)*EXP(2*X45+Y45*Y45))) -> 4.5067986 | AC45: =IF(V45="-","-",AB45/AA45) -> 0.10242724 | AD45: =VLOOKUP($A45,TABEL,AD$10,FALSE) -> 0.3 | AE45: =IF(AD45="-","-",EXP(AF45+1.645*AG45)) -> 0.3202076 | AF45: =IF(AD45="-","-",LN(AI45)-AG45*AG45/2) -> -1.1713793 | AG45: =IF(AD45="-","-",(SQRT(1.645^2+2*LN(AI45/AD45))-1.645)) -> 0.019813697 | AH45: =IF(AD45="-","-",EXP(AF45)) -> 0.30993916 | AI45: =VLOOKUP($A45,TABEL,AI$10,FALSE) -> 0.31 | AJ45: =IF(AD45="-","-",SQRT((EXP(AG45*AG45)-1)*EXP(2*AF45+AG45*AG45))) -> 0.0061428489 | AK45: =IF(AD45="-","-",AJ45/AI45) -> 0.019815642 | AL45: =VLOOKUP($A45,TABEL,AL$10,FALSE) -> 0.8 | AM45: =IF(AL45="-","-",EXP(AN45+1.645*AO45)) -> 1.0075358 | AN45: =IF(AL45="-","-",LN(AQ45)-AO45*AO45/2) -> -0.10781799 | AO45: =IF(AL45="-","-",(SQRT(1.645^2+2*LN(AQ45/AL45))-1.645)) -> 0.070106723 | AP45: =IF(AL45="-","-",EXP(AN45)) -> 0.89779099 | AQ45: =VLOOKUP($A45,TABEL,AQ$10,FALSE) -> 0.9 | AR45: =IF(AL45="-","-",SQRT((EXP(AO45*AO45)-1)*EXP(2*AN45+AO45*AO45))) -> 0.063173659 | AS45: =IF(AL45="-","-",AR45/AQ45) -> 0.070192954 | AT45: =VLOOKUP($A45,TABEL,AT$10,FALSE) -> 15 | AU45: =IF(AT45="-","-",EXP(AV45+1.645*AW45)) -> 38.40033 | AV45: =IF(AT45="-","-",LN(AY45)-AW45*AW45/2) -> 3.1780581 | AW45: =IF(AT45="-","-",(SQRT(1.645^2+2*LN(AY45/AT45))-1.645)) -> 0.2857191 | AX45: =IF(AT45="-","-",EXP(AV45)) -> 24.000103 | AY45: =VLOOKUP($A45,TABEL,AY$10,FALSE) -> 25 | AZ45: =IF(AT45="-","-",SQRT((EXP(AW45*AW45)-1)*EXP(2*AV45+AW45*AW45))) -> 7.2912675 | BA45: =IF(AT45="-","-",AZ45/AY45) -> 0.2916507 | BB45: =VLOOKUP($A45,TABEL,BB$10,FALSE) -> 3.4 | BC45: =IF(BB45="-","-",EXP(BD45+1.645*BE45)) -> 3.4 | BD45: =IF(BB45="-","-",LN(BG45)-BE45*BE45/2) -> 1.2237754 | BE45: =IF(BB45="-","-",(SQRT(1.645^2+2*LN(BG45/BB45))-1.645)) -> 0 | BF45: =IF(BB45="-","-",EXP(BD45)) -> 3.4 | BG45: =BB45 -> 3.4 | BH45: =IF(BB45="-","-",SQRT((EXP(BE45*BE45)-1)*EXP(2*BD45+BE45*BE45))) -> 0 | BI45: =IF(BB45="-","-",BH45/BG45) -> 0 | BJ45: =VLOOKUP($A45,TABEL,BJ$10,FALSE) -> 35 | BK45: =VLOOKUP($A45,TABEL,BK$10,FALSE) -> 90 | BL45: =(LN(BK45)+LN(BJ45))/2 -> 4.0275789 | BM45: =(LN(BK45)-LN(BJ45))/(2*1.645) -> 0.2870704 | BN45: =IF(BJ45="-","-",EXP(BL45)) -> 56.124861 | BO45: =EXP(BL45+BM45*BM45/2) -> 58.485776 | BP45: =SQRT((EXP(BM45*BM45)-1)*EXP(2*BL45+BM45*BM45)) -> 17.141452 | BQ45: =BP45/BO45 -> 0.29308753
A46: P_Rbk_vk | B46: CPT | E46: =VLOOKUP(A46,Kleurtabel!$A$2:$F$822,6,FALSE) -> #80993300 | F46: =VLOOKUP($A46,TABEL,F$10,FALSE) -> 10 | G46: =VLOOKUP($A46,TABEL,G$10,FALSE) -> 12 | H46: =(LN(G46)+LN(F46))/2 -> 2.3937459 | I46: =(LN(G46)-LN(F46))/(2*1.645) -> 0.055416887 | J46: =IF(F46="-","-",EXP(H46)) -> 10.954451 | K46: =EXP(H46+I46*I46/2) -> 10.971285 | L46: =SQRT((EXP(I46*I46)-1)*EXP(2*H46+I46*I46)) -> 0.60846154 | M46: =L46/K46 -> 0.055459461 | N46: =VLOOKUP($A46,TABEL,N$10,FALSE) -> 10 | O46: =VLOOKUP($A46,TABEL,O$10,FALSE) -> 12 | P46: =(LN(O46)+LN(N46))/2 -> 2.3937459 | Q46: =(LN(O46)-LN(N46))/(2*1.645) -> 0.055416887 | R46: =EXP(P46) -> 10.954451 | S46: =EXP(P46+Q46*Q46/2) -> 10.971285 | T46: =SQRT((EXP(Q46*Q46)-1)*EXP(2*P46+Q46*Q46)) -> 0.60846154 | U46: =T46/S46 -> 0.055459461 | V46: =VLOOKUP($A46,TABEL,V$10,FALSE)/2+AA46/2 -> 37 | W46: =IF(V46="-","-",EXP(X46+1.645*Y46)) -> 51.781072 | X46: =IF(V46="-","-",LN(AA46)-Y46*Y46/2) -> 3.7789713 | Y46: =IF(V46="-","-",(SQRT(1.645^2+2*LN(AA46/V46))-1.645)) -> 0.10216011 | Z46: =IF(V46="-","-",EXP(X46)) -> 43.770991 | AA46: =VLOOKUP($A46,TABEL,AA$10,FALSE) -> 44 | AB46: =IF(V46="-","-",SQRT((EXP(Y46*Y46)-1)*EXP(2*X46+Y46*Y46))) -> 4.5067986 | AC46: =IF(V46="-","-",AB46/AA46) -> 0.10242724 | AD46: =VLOOKUP($A46,TABEL,AD$10,FALSE) -> 0.311 | AE46: =IF(AD46="-","-",EXP(AF46+1.645*AG46)) -> 0.32916247 | AF46: =IF(AD46="-","-",LN(AI46)-AG46*AG46/2) -> -1.1395831 | AG46: =IF(AD46="-","-",(SQRT(1.645^2+2*LN(AI46/AD46))-1.645)) -> 0.017251836 | AH46: =IF(AD46="-","-",EXP(AF46)) -> 0.31995238 | AI46: =VLOOKUP($A46,TABEL,AI$10,FALSE) -> 0.32 | AJ46: =IF(AD46="-","-",SQRT((EXP(AG46*AG46)-1)*EXP(2*AF46+AG46*AG46))) -> 0.0055209984 | AK46: =IF(AD46="-","-",AJ46/AI46) -> 0.01725312 | AL46: =VLOOKUP($A46,TABEL,AL$10,FALSE) -> 0.891 | AM46: =IF(AL46="-","-",EXP(AN46+1.645*AO46)) -> 0.9090571 | AN46: =IF(AL46="-","-",LN(AQ46)-AO46*AO46/2) -> -0.10537911 | AO46: =IF(AL46="-","-",(SQRT(1.645^2+2*LN(AQ46/AL46))-1.645)) -> 0.0060983228 | AP46: =IF(AL46="-","-",EXP(AN46)) -> 0.89998326 | AQ46: =VLOOKUP($A46,TABEL,AQ$10,FALSE) -> 0.9 | AR46: =IF(AL46="-","-",SQRT((EXP(AO46*AO46)-1)*EXP(2*AN46+AO46*AO46))) -> 0.0054885416 | AS46: =IF(AL46="-","-",AR46/AQ46) -> 0.0060983795 | AT46: =VLOOKUP($A46,TABEL,AT$10,FALSE) -> 13.43 | AU46: =IF(AT46="-","-",EXP(AV46+1.645*AW46)) -> 42.882962 | AV46: =IF(AT46="-","-",LN(AY46)-AW46*AW46/2) -> 3.1779828 | AW46: =IF(AT46="-","-",(SQRT(1.645^2+2*LN(AY46/AT46))-1.645)) -> 0.35288255 | AX46: =IF(AT46="-","-",EXP(AV46)) -> 23.998295 | AY46: =VLOOKUP($A46,TABEL,AY$10,FALSE) -> 25.54 | AZ46: =IF(AT46="-","-",SQRT((EXP(AW46*AW46)-1)*EXP(2*AV46+AW46*AW46))) -> 9.3006137 | BA46: =IF(AT46="-","-",AZ46/AY46) -> 0.36415872 | BB46: =VLOOKUP($A46,TABEL,BB$10,FALSE) -> 3.4 | BC46: =IF(BB46="-","-",EXP(BD46+1.645*BE46)) -> 3.4 | BD46: =IF(BB46="-","-",LN(BG46)-BE46*BE46/2) -> 1.2237754 | BE46: =IF(BB46="-","-",(SQRT(1.645^2+2*LN(BG46/BB46))-1.645)) -> 0 | BF46: =IF(BB46="-","-",EXP(BD46)) -> 3.4 | BG46: =BB46 -> 3.4 | BH46: =IF(BB46="-","-",SQRT((EXP(BE46*BE46)-1)*EXP(2*BD46+BE46*BE46))) -> 0 | BI46: =IF(BB46="-","-",BH46/BG46) -> 0 | BJ46: =VLOOKUP($A46,TABEL,BJ$10,FALSE) -> 35 | BK46: =VLOOKUP($A46,TABEL,BK$10,FALSE) -> 90 | BL46: =(LN(BK46)+LN(BJ46))/2 -> 4.0275789 | BM46: =(LN(BK46)-LN(BJ46))/(2*1.645) -> 0.2870704 | BN46: =IF(BJ46="-","-",EXP(BL46)) -> 56.124861 | BO46: =EXP(BL46+BM46*BM46/2) -> 58.485776 | BP46: =SQRT((EXP(BM46*BM46)-1)*EXP(2*BL46+BM46*BM46)) -> 17.141452 | BQ46: =BP46/BO46 -> 0.29308753
A47: H_Ova_zm | B47: TABLE | E47: =VLOOKUP(A47,Kleurtabel!$A$2:$F$822,6,FALSE) -> #80808080 | F47: =VLOOKUP($A47,TABEL,F$10,FALSE) -> 17 | G47: =VLOOKUP($A47,TABEL,G$10,FALSE) -> 18 | H47: =(LN(G47)+LN(F47))/2 -> 2.8617926 | I47: =(LN(G47)-LN(F47))/(2*1.645) -> 0.017373378 | J47: =IF(F47="-","-",EXP(H47)) -> 17.492856 | K47: =EXP(H47+I47*I47/2) -> 17.495496 | L47: =SQRT((EXP(I47*I47)-1)*EXP(2*H47+I47*I47)) -> 0.3039788 | M47: =L47/K47 -> 0.017374689 | N47: =VLOOKUP($A47,TABEL,N$10,FALSE) -> 19 | O47: =VLOOKUP($A47,TABEL,O$10,FALSE) -> 20 | P47: =(LN(O47)+LN(N47))/2 -> 2.9700856 | Q47: =(LN(O47)-LN(N47))/(2*1.645) -> 0.015590667 | R47: =EXP(P47) -> 19.493589 | S47: =EXP(P47+Q47*Q47/2) -> 19.495958 | T47: =SQRT((EXP(Q47*Q47)-1)*EXP(2*P47+Q47*Q47)) -> 0.30397346 | U47: =T47/S47 -> 0.015591614 | V47: =VLOOKUP($A47,TABEL,V$10,FALSE)/2+AA47/2 -> 33.2 | W47: =IF(V47="-","-",EXP(X47+1.645*Y47)) -> 34.812046 | X47: =IF(V47="-","-",LN(AA47)-Y47*Y47/2) -> 3.5262567 | Y47: =IF(V47="-","-",(SQRT(1.645^2+2*LN(AA47/V47))-1.645)) -> 0.014411431 | Z47: =IF(V47="-","-",EXP(X47)) -> 33.996469 | AA47: =VLOOKUP($A47,TABEL,AA$10,FALSE) -> 34 | AB47: =IF(V47="-","-",SQRT((EXP(Y47*Y47)-1)*EXP(2*X47+Y47*Y47))) -> 0.4900141 | AC47: =IF(V47="-","-",AB47/AA47) -> 0.014412179 | AD47: =VLOOKUP($A47,TABEL,AD$10,FALSE) -> - | AE47: =IF(AD47="-","-",EXP(AF47+1.645*AG47)) -> - | AF47: =IF(AD47="-","-",LN(AI47)-AG47*AG47/2) -> - | AG47: =IF(AD47="-","-",(SQRT(1.645^2+2*LN(AI47/AD47))-1.645)) -> - | AH47: =IF(AD47="-","-",EXP(AF47)) -> - | AI47: =VLOOKUP($A47,TABEL,AI$10,FALSE) -> - | AJ47: =IF(AD47="-","-",SQRT((EXP(AG47*AG47)-1)*EXP(2*AF47+AG47*AG47))) -> - | AK47: =IF(AD47="-","-",AJ47/AI47) -> - | AL47: =VLOOKUP($A47,TABEL,AL$10,FALSE) -> - | AM47: =IF(AL47="-","-",EXP(AN47+1.645*AO47)) -> - | AN47: =IF(AL47="-","-",LN(AQ47)-AO47*AO47/2) -> - | AO47: =IF(AL47="-","-",(SQRT(1.645^2+2*LN(AQ47/AL47))-1.645)) -> - | AP47: =IF(AL47="-","-",EXP(AN47)) -> - | AQ47: =VLOOKUP($A47,TABEL,AQ$10,FALSE) -> - | AR47: =IF(AL47="-","-",SQRT((EXP(AO47*AO47)-1)*EXP(2*AN47+AO47*AO47))) -> - | AS47: =IF(AL47="-","-",AR47/AQ47) -> - | AT47: =VLOOKUP($A47,TABEL,AT$10,FALSE) -> - | AU47: =IF(AT47="-","-",EXP(AV47+1.645*AW47)) -> - | AV47: =IF(AT47="-","-",LN(AY47)-AW47*AW47/2) -> - | AW47: =IF(AT47="-","-",(SQRT(1.645^2+2*LN(AY47/AT47))-1.645)) -> - | AX47: =IF(AT47="-","-",EXP(AV47)) -> - | AY47: =VLOOKUP($A47,TABEL,AY$10,FALSE) -> - | AZ47: =IF(AT47="-","-",SQRT((EXP(AW47*AW47)-1)*EXP(2*AV47+AW47*AW47))) -> - | BA47: =IF(AT47="-","-",AZ47/AY47) -> - | BB47: =VLOOKUP($A47,TABEL,BB$10,FALSE) -> - | BC47: =IF(BB47="-","-",EXP(BD47+1.645*BE47)) -> - | BD47: =IF(BB47="-","-",LN(BG47)-BE47*BE47/2) -> - | BE47: =IF(BB47="-","-",(SQRT(1.645^2+2*LN(BG47/BB47))-1.645)) -> - | BF47: =IF(BB47="-","-",EXP(BD47)) -> - | BG47: =BB47 -> - | BH47: =IF(BB47="-","-",SQRT((EXP(BE47*BE47)-1)*EXP(2*BD47+BE47*BE47))) -> - | BI47: =IF(BB47="-","-",BH47/BG47) -> - | BJ47: =VLOOKUP($A47,TABEL,BJ$10,FALSE) -> 103 | BK47: =VLOOKUP($A47,TABEL,BK$10,FALSE) -> 103 | BL47: =(LN(BK47)+LN(BJ47))/2 -> 4.634729 | BM47: =(LN(BK47)-LN(BJ47))/(2*1.645) -> 0 | BN47: =IF(BJ47="-","-",EXP(BL47)) -> 103 | BO47: =EXP(BL47+BM47*BM47/2) -> 103 | BP47: =SQRT((EXP(BM47*BM47)-1)*EXP(2*BL47+BM47*BM47)) -> 0 | BQ47: =BP47/BO47 -> 0
A48: H_Ova_zf | B48: TABLE | E48: =VLOOKUP(A48,Kleurtabel!$A$2:$F$822,6,FALSE) -> #80C0C0C0 | F48: =VLOOKUP($A48,TABEL,F$10,FALSE) -> 18 | G48: =VLOOKUP($A48,TABEL,G$10,FALSE) -> 19 | H48: =(LN(G48)+LN(F48))/2 -> 2.9174054 | I48: =(LN(G48)-LN(F48))/(2*1.645) -> 0.016433806 | J48: =IF(F48="-","-",EXP(H48)) -> 18.493242 | K48: =EXP(H48+I48*I48/2) -> 18.495739 | L48: =SQRT((EXP(I48*I48)-1)*EXP(2*H48+I48*I48)) -> 0.30397591 | M48: =L48/K48 -> 0.016434915 | N48: =VLOOKUP($A48,TABEL,N$10,FALSE) -> 20 | O48: =VLOOKUP($A48,TABEL,O$10,FALSE) -> 21 | P48: =(LN(O48)+LN(N48))/2 -> 3.0201274 | Q48: =(LN(O48)-LN(N48))/(2*1.645) -> 0.014829837 | R48: =EXP(P48) -> 20.493902 | S48: =EXP(P48+Q48*Q48/2) -> 20.496155 | T48: =SQRT((EXP(Q48*Q48)-1)*EXP(2*P48+Q48*Q48)) -> 0.30397136 | U48: =T48/S48 -> 0.014830653 | V48: =VLOOKUP($A48,TABEL,V$10,FALSE)/2+AA48/2 -> 30.95 | W48: =IF(V48="-","-",EXP(X48+1.645*Y48)) -> 33.072181 | X48: =IF(V48="-","-",LN(AA48)-Y48*Y48/2) -> 3.4655327 | Y48: =IF(V48="-","-",(SQRT(1.645^2+2*LN(AA48/V48))-1.645)) -> 0.020157893 | Z48: =IF(V48="-","-",EXP(X48)) -> 31.993499 | AA48: =VLOOKUP($A48,TABEL,AA$10,FALSE) -> 32 | AB48: =IF(V48="-","-",SQRT((EXP(Y48*Y48)-1)*EXP(2*X48+Y48*Y48))) -> 0.6451181 | AC48: =IF(V48="-","-",AB48/AA48) -> 0.020159941 | AD48: =VLOOKUP($A48,TABEL,AD$10,FALSE) -> - | AE48: =IF(AD48="-","-",EXP(AF48+1.645*AG48)) -> - | AF48: =IF(AD48="-","-",LN(AI48)-AG48*AG48/2) -> - | AG48: =IF(AD48="-","-",(SQRT(1.645^2+2*LN(AI48/AD48))-1.645)) -> - | AH48: =IF(AD48="-","-",EXP(AF48)) -> - | AI48: =VLOOKUP($A48,TABEL,AI$10,FALSE) -> - | AJ48: =IF(AD48="-","-",SQRT((EXP(AG48*AG48)-1)*EXP(2*AF48+AG48*AG48))) -> - | AK48: =IF(AD48="-","-",AJ48/AI48) -> - | AL48: =VLOOKUP($A48,TABEL,AL$10,FALSE) -> - | AM48: =IF(AL48="-","-",EXP(AN48+1.645*AO48)) -> - | AN48: =IF(AL48="-","-",LN(AQ48)-AO48*AO48/2) -> - | AO48: =IF(AL48="-","-",(SQRT(1.645^2+2*LN(AQ48/AL48))-1.645)) -> - | AP48: =IF(AL48="-","-",EXP(AN48)) -> - | AQ48: =VLOOKUP($A48,TABEL,AQ$10,FALSE) -> - | AR48: =IF(AL48="-","-",SQRT((EXP(AO48*AO48)-1)*EXP(2*AN48+AO48*AO48))) -> - | AS48: =IF(AL48="-","-",AR48/AQ48) -> - | AT48: =VLOOKUP($A48,TABEL,AT$10,FALSE) -> - | AU48: =IF(AT48="-","-",EXP(AV48+1.645*AW48)) -> - | AV48: =IF(AT48="-","-",LN(AY48)-AW48*AW48/2) -> - | AW48: =IF(AT48="-","-",(SQRT(1.645^2+2*LN(AY48/AT48))-1.645)) -> - | AX48: =IF(AT48="-","-",EXP(AV48)) -> - | AY48: =VLOOKUP($A48,TABEL,AY$10,FALSE) -> - | AZ48: =IF(AT48="-","-",SQRT((EXP(AW48*AW48)-1)*EXP(2*AV48+AW48*AW48))) -> - | BA48: =IF(AT48="-","-",AZ48/AY48) -> - | BB48: =VLOOKUP($A48,TABEL,BB$10,FALSE) -> - | BC48: =IF(BB48="-","-",EXP(BD48+1.645*BE48)) -> - | BD48: =IF(BB48="-","-",LN(BG48)-BE48*BE48/2) -> - | BE48: =IF(BB48="-","-",(SQRT(1.645^2+2*LN(BG48/BB48))-1.645)) -> - | BF48: =IF(BB48="-","-",EXP(BD48)) -> - | BG48: =BB48 -> - | BH48: =IF(BB48="-","-",SQRT((EXP(BE48*BE48)-1)*EXP(2*BD48+BE48*BE48))) -> - | BI48: =IF(BB48="-","-",BH48/BG48) -> - | BJ48: =VLOOKUP($A48,TABEL,BJ$10,FALSE) -> 103 | BK48: =VLOOKUP($A48,TABEL,BK$10,FALSE) -> 103 | BL48: =(LN(BK48)+LN(BJ48))/2 -> 4.634729 | BM48: =(LN(BK48)-LN(BJ48))/(2*1.645) -> 0 | BN48: =IF(BJ48="-","-",EXP(BL48)) -> 103 | BO48: =EXP(BL48+BM48*BM48/2) -> 103 | BP48: =SQRT((EXP(BM48*BM48)-1)*EXP(2*BL48+BM48*BM48)) -> 0 | BQ48: =BP48/BO48 -> 0
A49: H_Aa_z | B49: EMBANKMENT_SAND | E49: =VLOOKUP(A49,Kleurtabel!$A$2:$F$822,6,FALSE) -> #80F5F5F5 | F49: =VLOOKUP($A49,TABEL,F$10,FALSE) -> 17 | G49: =VLOOKUP($A49,TABEL,G$10,FALSE) -> 18 | H49: =(LN(G49)+LN(F49))/2 -> 2.8617926 | I49: =(LN(G49)-LN(F49))/(2*1.645) -> 0.017373378 | J49: =IF(F49="-","-",EXP(H49)) -> 17.492856 | K49: =EXP(H49+I49*I49/2) -> 17.495496 | L49: =SQRT((EXP(I49*I49)-1)*EXP(2*H49+I49*I49)) -> 0.3039788 | M49: =L49/K49 -> 0.017374689 | N49: =VLOOKUP($A49,TABEL,N$10,FALSE) -> 19 | O49: =VLOOKUP($A49,TABEL,O$10,FALSE) -> 20 | P49: =(LN(O49)+LN(N49))/2 -> 2.9700856 | Q49: =(LN(O49)-LN(N49))/(2*1.645) -> 0.015590667 | R49: =EXP(P49) -> 19.493589 | S49: =EXP(P49+Q49*Q49/2) -> 19.495958 | T49: =SQRT((EXP(Q49*Q49)-1)*EXP(2*P49+Q49*Q49)) -> 0.30397346 | U49: =T49/S49 -> 0.015591614 | V49: =VLOOKUP($A49,TABEL,V$10,FALSE)/2+AA49/2 -> 31 | W49: =IF(V49="-","-",EXP(X49+1.645*Y49)) -> 33.020098 | X49: =IF(V49="-","-",LN(AA49)-Y49*Y49/2) -> 3.4655518 | Y49: =IF(V49="-","-",(SQRT(1.645^2+2*LN(AA49/V49))-1.645)) -> 0.019188209 | Z49: =IF(V49="-","-",EXP(X49)) -> 31.99411 | AA49: =VLOOKUP($A49,TABEL,AA$10,FALSE) -> 32 | AB49: =IF(V49="-","-",SQRT((EXP(Y49*Y49)-1)*EXP(2*X49+Y49*Y49))) -> 0.61407923 | AC49: =IF(V49="-","-",AB49/AA49) -> 0.019189976 | AD49: =VLOOKUP($A49,TABEL,AD$10,FALSE) -> - | AE49: =IF(AD49="-","-",EXP(AF49+1.645*AG49)) -> - | AF49: =IF(AD49="-","-",LN(AI49)-AG49*AG49/2) -> - | AG49: =IF(AD49="-","-",(SQRT(1.645^2+2*LN(AI49/AD49))-1.645)) -> - | AH49: =IF(AD49="-","-",EXP(AF49)) -> - | AI49: =VLOOKUP($A49,TABEL,AI$10,FALSE) -> - | AJ49: =IF(AD49="-","-",SQRT((EXP(AG49*AG49)-1)*EXP(2*AF49+AG49*AG49))) -> - | AK49: =IF(AD49="-","-",AJ49/AI49) -> - | AL49: =VLOOKUP($A49,TABEL,AL$10,FALSE) -> - | AM49: =IF(AL49="-","-",EXP(AN49+1.645*AO49)) -> - | AN49: =IF(AL49="-","-",LN(AQ49)-AO49*AO49/2) -> - | AO49: =IF(AL49="-","-",(SQRT(1.645^2+2*LN(AQ49/AL49))-1.645)) -> - | AP49: =IF(AL49="-","-",EXP(AN49)) -> - | AQ49: =VLOOKUP($A49,TABEL,AQ$10,FALSE) -> - | AR49: =IF(AL49="-","-",SQRT((EXP(AO49*AO49)-1)*EXP(2*AN49+AO49*AO49))) -> - | AS49: =IF(AL49="-","-",AR49/AQ49) -> - | AT49: =VLOOKUP($A49,TABEL,AT$10,FALSE) -> - | AU49: =IF(AT49="-","-",EXP(AV49+1.645*AW49)) -> - | AV49: =IF(AT49="-","-",LN(AY49)-AW49*AW49/2) -> - | AW49: =IF(AT49="-","-",(SQRT(1.645^2+2*LN(AY49/AT49))-1.645)) -> - | AX49: =IF(AT49="-","-",EXP(AV49)) -> - | AY49: =VLOOKUP($A49,TABEL,AY$10,FALSE) -> - | AZ49: =IF(AT49="-","-",SQRT((EXP(AW49*AW49)-1)*EXP(2*AV49+AW49*AW49))) -> - | BA49: =IF(AT49="-","-",AZ49/AY49) -> - | BB49: =VLOOKUP($A49,TABEL,BB$10,FALSE) -> - | BC49: =IF(BB49="-","-",EXP(BD49+1.645*BE49)) -> - | BD49: =IF(BB49="-","-",LN(BG49)-BE49*BE49/2) -> - | BE49: =IF(BB49="-","-",(SQRT(1.645^2+2*LN(BG49/BB49))-1.645)) -> - | BF49: =IF(BB49="-","-",EXP(BD49)) -> - | BG49: =BB49 -> - | BH49: =IF(BB49="-","-",SQRT((EXP(BE49*BE49)-1)*EXP(2*BD49+BE49*BE49))) -> - | BI49: =IF(BB49="-","-",BH49/BG49) -> - | BJ49: =VLOOKUP($A49,TABEL,BJ$10,FALSE) -> 103 | BK49: =VLOOKUP($A49,TABEL,BK$10,FALSE) -> 103 | BL49: =(LN(BK49)+LN(BJ49))/2 -> 4.634729 | BM49: =(LN(BK49)-LN(BJ49))/(2*1.645) -> 0 | BN49: =IF(BJ49="-","-",EXP(BL49)) -> 103 | BO49: =EXP(BL49+BM49*BM49/2) -> 103 | BP49: =SQRT((EXP(BM49*BM49)-1)*EXP(2*BL49+BM49*BM49)) -> 0 | BQ49: =BP49/BO49 -> 0
A50: H_Aa_kz | B50: EMBANKMENT_CLAY | E50: =VLOOKUP(A50,Kleurtabel!$A$2:$F$822,6,FALSE) -> #80F5F5F5 | F50: =VLOOKUP($A50,TABEL,F$10,FALSE) -> 15 | G50: =VLOOKUP($A50,TABEL,G$10,FALSE) -> 18 | H50: =(LN(G50)+LN(F50))/2 -> 2.799211 | I50: =(LN(G50)-LN(F50))/(2*1.645) -> 0.055416887 | J50: =IF(F50="-","-",EXP(H50)) -> 16.431677 | K50: =EXP(H50+I50*I50/2) -> 16.456927 | L50: =SQRT((EXP(I50*I50)-1)*EXP(2*H50+I50*I50)) -> 0.9126923 | M50: =L50/K50 -> 0.055459461 | N50: =VLOOKUP($A50,TABEL,N$10,FALSE) -> 15 | O50: =VLOOKUP($A50,TABEL,O$10,FALSE) -> 18 | P50: =(LN(O50)+LN(N50))/2 -> 2.799211 | Q50: =(LN(O50)-LN(N50))/(2*1.645) -> 0.055416887 | R50: =EXP(P50) -> 16.431677 | S50: =EXP(P50+Q50*Q50/2) -> 16.456927 | T50: =SQRT((EXP(Q50*Q50)-1)*EXP(2*P50+Q50*Q50)) -> 0.9126923 | U50: =T50/S50 -> 0.055459461 | V50: =VLOOKUP($A50,TABEL,V$10,FALSE)/2+AA50/2 -> 30.95 | W50: =IF(V50="-","-",EXP(X50+1.645*Y50)) -> 33.072181 | X50: =IF(V50="-","-",LN(AA50)-Y50*Y50/2) -> 3.4655327 | Y50: =IF(V50="-","-",(SQRT(1.645^2+2*LN(AA50/V50))-1.645)) -> 0.020157893 | Z50: =IF(V50="-","-",EXP(X50)) -> 31.993499 | AA50: =VLOOKUP($A50,TABEL,AA$10,FALSE) -> 32 | AB50: =IF(V50="-","-",SQRT((EXP(Y50*Y50)-1)*EXP(2*X50+Y50*Y50))) -> 0.6451181 | AC50: =IF(V50="-","-",AB50/AA50) -> 0.020159941 | AD50: =VLOOKUP($A50,TABEL,AD$10,FALSE) -> 0.306 | AE50: =IF(AD50="-","-",EXP(AF50+1.645*AG50)) -> 0.32416509 | AF50: =IF(AD50="-","-",LN(AI50)-AG50*AG50/2) -> -1.1553363 | AG50: =IF(AD50="-","-",(SQRT(1.645^2+2*LN(AI50/AD50))-1.645)) -> 0.017528217 | AH50: =IF(AD50="-","-",EXP(AF50)) -> 0.31495161 | AI50: =VLOOKUP($A50,TABEL,AI$10,FALSE) -> 0.315 | AJ50: =IF(AD50="-","-",SQRT((EXP(AG50*AG50)-1)*EXP(2*AF50+AG50*AG50))) -> 0.0055218126 | AK50: =IF(AD50="-","-",AJ50/AI50) -> 0.017529564 | AL50: =VLOOKUP($A50,TABEL,AL$10,FALSE) -> 0.891 | AM50: =IF(AL50="-","-",EXP(AN50+1.645*AO50)) -> 0.9090571 | AN50: =IF(AL50="-","-",LN(AQ50)-AO50*AO50/2) -> -0.10537911 | AO50: =IF(AL50="-","-",(SQRT(1.645^2+2*LN(AQ50/AL50))-1.645)) -> 0.0060983228 | AP50: =IF(AL50="-","-",EXP(AN50)) -> 0.89998326 | AQ50: =VLOOKUP($A50,TABEL,AQ$10,FALSE) -> 0.9 | AR50: =IF(AL50="-","-",SQRT((EXP(AO50*AO50)-1)*EXP(2*AN50+AO50*AO50))) -> 0.0054885416 | AS50: =IF(AL50="-","-",AR50/AQ50) -> 0.0060983795 | AT50: =VLOOKUP($A50,TABEL,AT$10,FALSE) -> 5.67 | AU50: =IF(AT50="-","-",EXP(AV50+1.645*AW50)) -> 38.585736 | AV50: =IF(AT50="-","-",LN(AY50)-AW50*AW50/2) -> 2.6940359 | AW50: =IF(AT50="-","-",(SQRT(1.645^2+2*LN(AY50/AT50))-1.645)) -> 0.58288558 | AX50: =IF(AT50="-","-",EXP(AV50)) -> 14.791252 | AY50: =VLOOKUP($A50,TABEL,AY$10,FALSE) -> 17.53 | AZ50: =IF(AT50="-","-",SQRT((EXP(AW50*AW50)-1)*EXP(2*AV50+AW50*AW50))) -> 11.150572 | BA50: =IF(AT50="-","-",AZ50/AY50) -> 0.63608511 | BB50: =VLOOKUP($A50,TABEL,BB$10,FALSE) -> 8 | BC50: =IF(BB50="-","-",EXP(BD50+1.645*BE50)) -> 8 | BD50: =IF(BB50="-","-",LN(BG50)-BE50*BE50/2) -> 2.0794415 | BE50: =IF(BB50="-","-",(SQRT(1.645^2+2*LN(BG50/BB50))-1.645)) -> 0 | BF50: =IF(BB50="-","-",EXP(BD50)) -> 8 | BG50: =BB50 -> 8 | BH50: =IF(BB50="-","-",SQRT((EXP(BE50*BE50)-1)*EXP(2*BD50+BE50*BE50))) -> 0 | BI50: =IF(BB50="-","-",BH50/BG50) -> 0 | BJ50: =VLOOKUP($A50,TABEL,BJ$10,FALSE) -> 60 | BK50: =VLOOKUP($A50,TABEL,BK$10,FALSE) -> 100 | BL50: =(LN(BK50)+LN(BJ50))/2 -> 4.3497574 | BM50: =(LN(BK50)-LN(BJ50))/(2*1.645) -> 0.15526615 | BN50: =IF(BJ50="-","-",EXP(BL50)) -> 77.459667 | BO50: =EXP(BL50+BM50*BM50/2) -> 78.398999 | BP50: =SQRT((EXP(BM50*BM50)-1)*EXP(2*BL50+BM50*BM50)) -> 12.246444 | BQ50: =BP50/BO50 -> 0.15620664
A51: H_Aa_ks | B51: EMBANKMENT_CLAY | E51: =VLOOKUP(A51,Kleurtabel!$A$2:$F$822,6,FALSE) -> #80F5F5F5 | F51: =VLOOKUP($A51,TABEL,F$10,FALSE) -> 14 | G51: =VLOOKUP($A51,TABEL,G$10,FALSE) -> 17 | H51: =(LN(G51)+LN(F51))/2 -> 2.7361353 | I51: =(LN(G51)-LN(F51))/(2*1.645) -> 0.059013986 | J51: =IF(F51="-","-",EXP(H51)) -> 15.427249 | K51: =EXP(H51+I51*I51/2) -> 15.454136 | L51: =SQRT((EXP(I51*I51)-1)*EXP(2*H51+I51*I51)) -> 0.91280479 | M51: =L51/K51 -> 0.059065405 | N51: =VLOOKUP($A51,TABEL,N$10,FALSE) -> 14 | O51: =VLOOKUP($A51,TABEL,O$10,FALSE) -> 17 | P51: =(LN(O51)+LN(N51))/2 -> 2.7361353 | Q51: =(LN(O51)-LN(N51))/(2*1.645) -> 0.059013986 | R51: =EXP(P51) -> 15.427249 | S51: =EXP(P51+Q51*Q51/2) -> 15.454136 | T51: =SQRT((EXP(Q51*Q51)-1)*EXP(2*P51+Q51*Q51)) -> 0.91280479 | U51: =T51/S51 -> 0.059065405 | V51: =VLOOKUP($A51,TABEL,V$10,FALSE)/2+AA51/2 -> 38 | W51: =IF(V51="-","-",EXP(X51+1.645*Y51)) -> 46.255591 | X51: =IF(V51="-","-",LN(AA51)-Y51*Y51/2) -> 3.7358842 | Y51: =IF(V51="-","-",(SQRT(1.645^2+2*LN(AA51/V51))-1.645)) -> 0.059755677 | Z51: =IF(V51="-","-",EXP(X51)) -> 41.925081 | AA51: =VLOOKUP($A51,TABEL,AA$10,FALSE) -> 42 | AB51: =IF(V51="-","-",SQRT((EXP(Y51*Y51)-1)*EXP(2*X51+Y51*Y51))) -> 2.5119805 | AC51: =IF(V51="-","-",AB51/AA51) -> 0.059809059 | AD51: =VLOOKUP($A51,TABEL,AD$10,FALSE) -> 0.306 | AE51: =IF(AD51="-","-",EXP(AF51+1.645*AG51)) -> 0.32416509 | AF51: =IF(AD51="-","-",LN(AI51)-AG51*AG51/2) -> -1.1553363 | AG51: =IF(AD51="-","-",(SQRT(1.645^2+2*LN(AI51/AD51))-1.645)) -> 0.017528217 | AH51: =IF(AD51="-","-",EXP(AF51)) -> 0.31495161 | AI51: =VLOOKUP($A51,TABEL,AI$10,FALSE) -> 0.315 | AJ51: =IF(AD51="-","-",SQRT((EXP(AG51*AG51)-1)*EXP(2*AF51+AG51*AG51))) -> 0.0055218126 | AK51: =IF(AD51="-","-",AJ51/AI51) -> 0.017529564 | AL51: =VLOOKUP($A51,TABEL,AL$10,FALSE) -> 0.891 | AM51: =IF(AL51="-","-",EXP(AN51+1.645*AO51)) -> 0.9090571 | AN51: =IF(AL51="-","-",LN(AQ51)-AO51*AO51/2) -> -0.10537911 | AO51: =IF(AL51="-","-",(SQRT(1.645^2+2*LN(AQ51/AL51))-1.645)) -> 0.0060983228 | AP51: =IF(AL51="-","-",EXP(AN51)) -> 0.89998326 | AQ51: =VLOOKUP($A51,TABEL,AQ$10,FALSE) -> 0.9 | AR51: =IF(AL51="-","-",SQRT((EXP(AO51*AO51)-1)*EXP(2*AN51+AO51*AO51))) -> 0.0054885416 | AS51: =IF(AL51="-","-",AR51/AQ51) -> 0.0060983795 | AT51: =VLOOKUP($A51,TABEL,AT$10,FALSE) -> 5.67 | AU51: =IF(AT51="-","-",EXP(AV51+1.645*AW51)) -> 38.585736 | AV51: =IF(AT51="-","-",LN(AY51)-AW51*AW51/2) -> 2.6940359 | AW51: =IF(AT51="-","-",(SQRT(1.645^2+2*LN(AY51/AT51))-1.645)) -> 0.58288558 | AX51: =IF(AT51="-","-",EXP(AV51)) -> 14.791252 | AY51: =VLOOKUP($A51,TABEL,AY$10,FALSE) -> 17.53 | AZ51: =IF(AT51="-","-",SQRT((EXP(AW51*AW51)-1)*EXP(2*AV51+AW51*AW51))) -> 11.150572 | BA51: =IF(AT51="-","-",AZ51/AY51) -> 0.63608511 | BB51: =VLOOKUP($A51,TABEL,BB$10,FALSE) -> 6 | BC51: =IF(BB51="-","-",EXP(BD51+1.645*BE51)) -> 6 | BD51: =IF(BB51="-","-",LN(BG51)-BE51*BE51/2) -> 1.7917595 | BE51: =IF(BB51="-","-",(SQRT(1.645^2+2*LN(BG51/BB51))-1.645)) -> 0 | BF51: =IF(BB51="-","-",EXP(BD51)) -> 6 | BG51: =BB51 -> 6 | BH51: =IF(BB51="-","-",SQRT((EXP(BE51*BE51)-1)*EXP(2*BD51+BE51*BE51))) -> 0 | BI51: =IF(BB51="-","-",BH51/BG51) -> 0 | BJ51: =VLOOKUP($A51,TABEL,BJ$10,FALSE) -> 60 | BK51: =VLOOKUP($A51,TABEL,BK$10,FALSE) -> 100 | BL51: =(LN(BK51)+LN(BJ51))/2 -> 4.3497574 | BM51: =(LN(BK51)-LN(BJ51))/(2*1.645) -> 0.15526615 | BN51: =IF(BJ51="-","-",EXP(BL51)) -> 77.459667 | BO51: =EXP(BL51+BM51*BM51/2) -> 78.398999 | BP51: =SQRT((EXP(BM51*BM51)-1)*EXP(2*BL51+BM51*BM51)) -> 12.246444 | BQ51: =BP51/BO51 -> 0.15620664
A52: H_Aa_ko | B52: EMBANKMENT_CLAY | E52: =VLOOKUP(A52,Kleurtabel!$A$2:$F$822,6,FALSE) -> #80F5F5F5 | F52: =VLOOKUP($A52,TABEL,F$10,FALSE) -> 13 | G52: =VLOOKUP($A52,TABEL,G$10,FALSE) -> 15 | H52: =(LN(G52)+LN(F52))/2 -> 2.6364998 | I52: =(LN(G52)-LN(F52))/(2*1.645) -> 0.043495697 | J52: =IF(F52="-","-",EXP(H52)) -> 13.96424 | K52: =EXP(H52+I52*I52/2) -> 13.977456 | L52: =SQRT((EXP(I52*I52)-1)*EXP(2*H52+I52*I52)) -> 0.60824683 | M52: =L52/K52 -> 0.043516277 | N52: =VLOOKUP($A52,TABEL,N$10,FALSE) -> 13 | O52: =VLOOKUP($A52,TABEL,O$10,FALSE) -> 15 | P52: =(LN(O52)+LN(N52))/2 -> 2.6364998 | Q52: =(LN(O52)-LN(N52))/(2*1.645) -> 0.043495697 | R52: =EXP(P52) -> 13.96424 | S52: =EXP(P52+Q52*Q52/2) -> 13.977456 | T52: =SQRT((EXP(Q52*Q52)-1)*EXP(2*P52+Q52*Q52)) -> 0.60824683 | U52: =T52/S52 -> 0.043516277 | V52: =VLOOKUP($A52,TABEL,V$10,FALSE)/2+AA52/2 -> 41 | W52: =IF(V52="-","-",EXP(X52+1.645*Y52)) -> 51.36799 | X52: =IF(V52="-","-",LN(AA52)-Y52*Y52/2) -> 3.8262936 | Y52: =IF(V52="-","-",(SQRT(1.645^2+2*LN(AA52/V52))-1.645)) -> 0.068523755 | Z52: =IF(V52="-","-",EXP(X52)) -> 45.89213 | AA52: =VLOOKUP($A52,TABEL,AA$10,FALSE) -> 46 | AB52: =IF(V52="-","-",SQRT((EXP(Y52*Y52)-1)*EXP(2*X52+Y52*Y52))) -> 3.1557965 | AC52: =IF(V52="-","-",AB52/AA52) -> 0.068604272 | AD52: =VLOOKUP($A52,TABEL,AD$10,FALSE) -> 0.306 | AE52: =IF(AD52="-","-",EXP(AF52+1.645*AG52)) -> 0.32416509 | AF52: =IF(AD52="-","-",LN(AI52)-AG52*AG52/2) -> -1.1553363 | AG52: =IF(AD52="-","-",(SQRT(1.645^2+2*LN(AI52/AD52))-1.645)) -> 0.017528217 | AH52: =IF(AD52="-","-",EXP(AF52)) -> 0.31495161 | AI52: =VLOOKUP($A52,TABEL,AI$10,FALSE) -> 0.315 | AJ52: =IF(AD52="-","-",SQRT((EXP(AG52*AG52)-1)*EXP(2*AF52+AG52*AG52))) -> 0.0055218126 | AK52: =IF(AD52="-","-",AJ52/AI52) -> 0.017529564 | AL52: =VLOOKUP($A52,TABEL,AL$10,FALSE) -> 0.891 | AM52: =IF(AL52="-","-",EXP(AN52+1.645*AO52)) -> 0.9090571 | AN52: =IF(AL52="-","-",LN(AQ52)-AO52*AO52/2) -> -0.10537911 | AO52: =IF(AL52="-","-",(SQRT(1.645^2+2*LN(AQ52/AL52))-1.645)) -> 0.0060983228 | AP52: =IF(AL52="-","-",EXP(AN52)) -> 0.89998326 | AQ52: =VLOOKUP($A52,TABEL,AQ$10,FALSE) -> 0.9 | AR52: =IF(AL52="-","-",SQRT((EXP(AO52*AO52)-1)*EXP(2*AN52+AO52*AO52))) -> 0.0054885416 | AS52: =IF(AL52="-","-",AR52/AQ52) -> 0.0060983795 | AT52: =VLOOKUP($A52,TABEL,AT$10,FALSE) -> 5.67 | AU52: =IF(AT52="-","-",EXP(AV52+1.645*AW52)) -> 38.585736 | AV52: =IF(AT52="-","-",LN(AY52)-AW52*AW52/2) -> 2.6940359 | AW52: =IF(AT52="-","-",(SQRT(1.645^2+2*LN(AY52/AT52))-1.645)) -> 0.58288558 | AX52: =IF(AT52="-","-",EXP(AV52)) -> 14.791252 | AY52: =VLOOKUP($A52,TABEL,AY$10,FALSE) -> 17.53 | AZ52: =IF(AT52="-","-",SQRT((EXP(AW52*AW52)-1)*EXP(2*AV52+AW52*AW52))) -> 11.150572 | BA52: =IF(AT52="-","-",AZ52/AY52) -> 0.63608511 | BB52: =VLOOKUP($A52,TABEL,BB$10,FALSE) -> 4.1 | BC52: =IF(BB52="-","-",EXP(BD52+1.645*BE52)) -> 4.1 | BD52: =IF(BB52="-","-",LN(BG52)-BE52*BE52/2) -> 1.410987 | BE52: =IF(BB52="-","-",(SQRT(1.645^2+2*LN(BG52/BB52))-1.645)) -> 0 | BF52: =IF(BB52="-","-",EXP(BD52)) -> 4.1 | BG52: =BB52 -> 4.1 | BH52: =IF(BB52="-","-",SQRT((EXP(BE52*BE52)-1)*EXP(2*BD52+BE52*BE52))) -> 0 | BI52: =IF(BB52="-","-",BH52/BG52) -> 0 | BJ52: =VLOOKUP($A52,TABEL,BJ$10,FALSE) -> 45 | BK52: =VLOOKUP($A52,TABEL,BK$10,FALSE) -> 90 | BL52: =(LN(BK52)+LN(BJ52))/2 -> 4.1532361 | BM52: =(LN(BK52)-LN(BJ52))/(2*1.645) -> 0.21068303 | BN52: =IF(BJ52="-","-",EXP(BL52)) -> 63.63961 | BO52: =EXP(BL52+BM52*BM52/2) -> 65.067797 | BP52: =SQRT((EXP(BM52*BM52)-1)*EXP(2*BL52+BM52*BM52)) -> 13.86222 | BQ52: =BP52/BO52 -> 0.21304271
... A59: P_Rg_zf | B59: TABLE | E59: =VLOOKUP(A59,Kleurtabel!$A$2:$F$822,6,FALSE) -> #80FFE36D | F59: =VLOOKUP($A59,TABEL,F$10,FALSE) -> 17 | G59: =VLOOKUP($A59,TABEL,G$10,FALSE) -> 18 | H59: =(LN(G59)+LN(F59))/2 -> 2.8617926 | I59: =(LN(G59)-LN(F59))/(2*1.645) -> 0.017373378 | J59: =IF(F59="-","-",EXP(H59)) -> 17.492856 | K59: =EXP(H59+I59*I59/2) -> 17.495496 | L59: =SQRT((EXP(I59*I59)-1)*EXP(2*H59+I59*I59)) -> 0.3039788 | M59: =L59/K59 -> 0.017374689 | N59: =VLOOKUP($A59,TABEL,N$10,FALSE) -> 19 | O59: =VLOOKUP($A59,TABEL,O$10,FALSE) -> 20 | P59: =(LN(O59)+LN(N59))/2 -> 2.9700856 | Q59: =(LN(O59)-LN(N59))/(2*1.645) -> 0.015590667 | R59: =EXP(P59) -> 19.493589 | S59: =EXP(P59+Q59*Q59/2) -> 19.495958 | T59: =SQRT((EXP(Q59*Q59)-1)*EXP(2*P59+Q59*Q59)) -> 0.30397346 | U59: =T59/S59 -> 0.015591614 | V59: =VLOOKUP($A59,TABEL,V$10,FALSE)/2+AA59/2 -> 33.2 | W59: =IF(V59="-","-",EXP(X59+1.645*Y59)) -> 34.812046 | X59: =IF(V59="-","-",LN(AA59)-Y59*Y59/2) -> 3.5262567 | Y59: =IF(V59="-","-",(SQRT(1.645^2+2*LN(AA59/V59))-1.645)) -> 0.014411431 | Z59: =IF(V59="-","-",EXP(X59)) -> 33.996469 | AA59: =VLOOKUP($A59,TABEL,AA$10,FALSE) -> 34 | AB59: =IF(V59="-","-",SQRT((EXP(Y59*Y59)-1)*EXP(2*X59+Y59*Y59))) -> 0.4900141 | AC59: =IF(V59="-","-",AB59/AA59) -> 0.014412179 | AD59: =VLOOKUP($A59,TABEL,AD$10,FALSE) -> - | AE59: =IF(AD59="-","-",EXP(AF59+1.645*AG59)) -> - | AF59: =IF(AD59="-","-",LN(AI59)-AG59*AG59/2) -> - | AG59: =IF(AD59="-","-",(SQRT(1.645^2+2*LN(AI59/AD59))-1.645)) -> - | AH59: =IF(AD59="-","-",EXP(AF59)) -> - | AI59: =VLOOKUP($A59,TABEL,AI$10,FALSE) -> - | AJ59: =IF(AD59="-","-",SQRT((EXP(AG59*AG59)-1)*EXP(2*AF59+AG59*AG59))) -> - | AK59: =IF(AD59="-","-",AJ59/AI59) -> - | AL59: =VLOOKUP($A59,TABEL,AL$10,FALSE) -> - | AM59: =IF(AL59="-","-",EXP(AN59+1.645*AO59)) -> - | AN59: =IF(AL59="-","-",LN(AQ59)-AO59*AO59/2) -> - | AO59: =IF(AL59="-","-",(SQRT(1.645^2+2*LN(AQ59/AL59))-1.645)) -> - | AP59: =IF(AL59="-","-",EXP(AN59)) -> - | AQ59: =VLOOKUP($A59,TABEL,AQ$10,FALSE) -> - | AR59: =IF(AL59="-","-",SQRT((EXP(AO59*AO59)-1)*EXP(2*AN59+AO59*AO59))) -> - | AS59: =IF(AL59="-","-",AR59/AQ59) -> - | AT59: =VLOOKUP($A59,TABEL,AT$10,FALSE) -> - | AU59: =IF(AT59="-","-",EXP(AV59+1.645*AW59)) -> - | AV59: =IF(AT59="-","-",LN(AY59)-AW59*AW59/2) -> - | AW59: =IF(AT59="-","-",(SQRT(1.645^2+2*LN(AY59/AT59))-1.645)) -> - | AX59: =IF(AT59="-","-",EXP(AV59)) -> - | AY59: =VLOOKUP($A59,TABEL,AY$10,FALSE) -> - | AZ59: =IF(AT59="-","-",SQRT((EXP(AW59*AW59)-1)*EXP(2*AV59+AW59*AW59))) -> - | BA59: =IF(AT59="-","-",AZ59/AY59) -> - | BB59: =VLOOKUP($A59,TABEL,BB$10,FALSE) -> - | BC59: =IF(BB59="-","-",EXP(BD59+1.645*BE59)) -> - | BD59: =IF(BB59="-","-",LN(BG59)-BE59*BE59/2) -> - | BE59: =IF(BB59="-","-",(SQRT(1.645^2+2*LN(BG59/BB59))-1.645)) -> - | BF59: =IF(BB59="-","-",EXP(BD59)) -> - | BG59: =BB59 -> - | BH59: =IF(BB59="-","-",SQRT((EXP(BE59*BE59)-1)*EXP(2*BD59+BE59*BE59))) -> - | BI59: =IF(BB59="-","-",BH59/BG59) -> - | BJ59: =VLOOKUP($A59,TABEL,BJ$10,FALSE) -> 103 | BK59: =VLOOKUP($A59,TABEL,BK$10,FALSE) -> 103 | BL59: =(LN(BK59)+LN(BJ59))/2 -> 4.634729 | BM59: =(LN(BK59)-LN(BJ59))/(2*1.645) -> 0 | BN59: =IF(BJ59="-","-",EXP(BL59)) -> 103 | BO59: =EXP(BL59+BM59*BM59/2) -> 103 | BP59: =SQRT((EXP(BM59*BM59)-1)*EXP(2*BL59+BM59*BM59)) -> 0 | BQ59: =BP59/BO59 -> 0
A60: P_Rk_k_s | B60: CPT | E60: =VLOOKUP(A60,Kleurtabel!$A$2:$F$822,6,FALSE) -> #N/A | F60: =F61 -> 17 | G60: =G61 -> 19 | H60: =H61 -> 2.8888262 | I60: =I61 -> 0.033807184 | J60: =J61 -> 17.972201 | K60: =K61 -> 17.982474 | L60: =L61 -> 0.60811056 | M60: =M61 -> 0.033816846 | ... BQ60: =BQ61 -> 0
A61: P_Rk_k&s | B61: CPT | E61: =VLOOKUP(A61,Kleurtabel!$A$2:$F$822,6,FALSE) -> #80808000 | F61: =VLOOKUP($A61,TABEL,F$10,FALSE) -> 17 | G61: =VLOOKUP($A61,TABEL,G$10,FALSE) -> 19 | H61: =(LN(G61)+LN(F61))/2 -> 2.8888262 | I61: =(LN(G61)-LN(F61))/(2*1.645) -> 0.033807184 | J61: =IF(F61="-","-",EXP(H61)) -> 17.972201 | K61: =EXP(H61+I61*I61/2) -> 17.982474 | L61: =SQRT((EXP(I61*I61)-1)*EXP(2*H61+I61*I61)) -> 0.60811056 | M61: =L61/K61 -> 0.033816846 | N61: =VLOOKUP($A61,TABEL,N$10,FALSE) -> 17 | O61: =VLOOKUP($A61,TABEL,O$10,FALSE) -> 19 | P61: =(LN(O61)+LN(N61))/2 -> 2.8888262 | Q61: =(LN(O61)-LN(N61))/(2*1.645) -> 0.033807184 | R61: =EXP(P61) -> 17.972201 | S61: =EXP(P61+Q61*Q61/2) -> 17.982474 | T61: =SQRT((EXP(Q61*Q61)-1)*EXP(2*P61+Q61*Q61)) -> 0.60811056 | U61: =T61/S61 -> 0.033816846 | V61: =VLOOKUP($A61,TABEL,V$10,FALSE)/2+AA61/2 -> 30.95 | W61: =IF(V61="-","-",EXP(X61+1.645*Y61)) -> 33.072181 | X61: =IF(V61="-","-",LN(AA61)-Y61*Y61/2) -> 3.4655327 | Y61: =IF(V61="-","-",(SQRT(1.645^2+2*LN(AA61/V61))-1.645)) -> 0.020157893 | Z61: =IF(V61="-","-",EXP(X61)) -> 31.993499 | AA61: =VLOOKUP($A61,TABEL,AA$10,FALSE) -> 32 | AB61: =IF(V61="-","-",SQRT((EXP(Y61*Y61)-1)*EXP(2*X61+Y61*Y61))) -> 0.6451181 | AC61: =IF(V61="-","-",AB61/AA61) -> 0.020159941 | AD61: =VLOOKUP($A61,TABEL,AD$10,FALSE) -> 0.281 | AE61: =IF(AD61="-","-",EXP(AF61+1.645*AG61)) -> 0.29917961 | AF61: =IF(AD61="-","-",LN(AI61)-AG61*AG61/2) -> -1.2380559 | AG61: =IF(AD61="-","-",(SQRT(1.645^2+2*LN(AI61/AD61))-1.645)) -> 0.019054539 | AH61: =IF(AD61="-","-",EXP(AF61)) -> 0.28994736 | AI61: =VLOOKUP($A61,TABEL,AI$10,FALSE) -> 0.29 | AJ61: =IF(AD61="-","-",SQRT((EXP(AG61*AG61)-1)*EXP(2*AF61+AG61*AG61))) -> 0.0055263178 | AK61: =IF(AD61="-","-",AJ61/AI61) -> 0.019056268 | AL61: =VLOOKUP($A61,TABEL,AL$10,FALSE) -> 0.892 | AM61: =IF(AL61="-","-",EXP(AN61+1.645*AO61)) -> 0.90804509 | AN61: =IF(AL61="-","-",LN(AQ61)-AO61*AO61/2) -> -0.1053752 | AO61: =IF(AL61="-","-",(SQRT(1.645^2+2*LN(AQ61/AL61))-1.645)) -> 0.005418814 | AP61: =IF(AL61="-","-",EXP(AN61)) -> 0.89998679 | AQ61: =VLOOKUP($A61,TABEL,AQ$10,FALSE) -> 0.9 | AR61: =IF(AL61="-","-",SQRT((EXP(AO61*AO61)-1)*EXP(2*AN61+AO61*AO61))) -> 0.0048769684 | AS61: =IF(AL61="-","-",AR61/AQ61) -> 0.0054188537 | AT61: =VLOOKUP($A61,TABEL,AT$10,FALSE) -> 11.57 | AU61: =IF(AT61="-","-",EXP(AV61+1.645*AW61)) -> 36.715039 | AV61: =IF(AT61="-","-",LN(AY61)-AW61*AW61/2) -> 3.025801 | AW61: =IF(AT61="-","-",(SQRT(1.645^2+2*LN(AY61/AT61))-1.645)) -> 0.3509942 | AX61: =IF(AT61="-","-",EXP(AV61)) -> 20.610507 | AY61: =VLOOKUP($A61,TABEL,AY$10,FALSE) -> 21.92 | AZ61: =IF(AT61="-","-",SQRT((EXP(AW61*AW61)-1)*EXP(2*AV61+AW61*AW61))) -> 7.9369516 | BA61: =IF(AT61="-","-",AZ61/AY61) -> 0.36208721 | BB61: =VLOOKUP($A61,TABEL,BB$10,FALSE) -> 6 | BC61: =IF(BB61="-","-",EXP(BD61+1.645*BE61)) -> 6 | BD61: =IF(BB61="-","-",LN(BG61)-BE61*BE61/2) -> 1.7917595 | BE61: =IF(BB61="-","-",(SQRT(1.645^2+2*LN(BG61/BB61))-1.645)) -> 0 | BF61: =IF(BB61="-","-",EXP(BD61)) -> 6 | BG61: =BB61 -> 6 | BH61: =IF(BB61="-","-",SQRT((EXP(BE61*BE61)-1)*EXP(2*BD61+BE61*BE61))) -> 0 | BI61: =IF(BB61="-","-",BH61/BG61) -> 0 | BJ61: =VLOOKUP($A61,TABEL,BJ$10,FALSE) -> 103 | BK61: =VLOOKUP($A61,TABEL,BK$10,FALSE) -> 103 | BL61: =(LN(BK61)+LN(BJ61))/2 -> 4.634729 | BM61: =(LN(BK61)-LN(BJ61))/(2*1.645) -> 0 | BN61: =IF(BJ61="-","-",EXP(BL61)) -> 103 | BO61: =EXP(BL61+BM61*BM61/2) -> 103 | BP61: =SQRT((EXP(BM61*BM61)-1)*EXP(2*BL61+BM61*BM61)) -> 0 | BQ61: =BP61/BO61 -> 0
A62: P_Rbk_z&s_z | B62: TABLE | E62: =VLOOKUP(A62,Kleurtabel!$A$2:$F$822,6,FALSE) -> #80E7E200 | F62: =VLOOKUP($A62,TABEL,F$10,FALSE) -> 18 | G62: =VLOOKUP($A62,TABEL,G$10,FALSE) -> 19 | H62: =(LN(G62)+LN(F62))/2 -> 2.9174054 | I62: =(LN(G62)-LN(F62))/(2*1.645) -> 0.016433806 | J62: =IF(F62="-","-",EXP(H62)) -> 18.493242 | K62: =EXP(H62+I62*I62/2) -> 18.495739 | L62: =SQRT((EXP(I62*I62)-1)*EXP(2*H62+I62*I62)) -> 0.30397591 | M62: =L62/K62 -> 0.016434915 | N62: =VLOOKUP($A62,TABEL,N$10,FALSE) -> 20 | O62: =VLOOKUP($A62,TABEL,O$10,FALSE) -> 21 | P62: =(LN(O62)+LN(N62))/2 -> 3.0201274 | Q62: =(LN(O62)-LN(N62))/(2*1.645) -> 0.014829837 | R62: =EXP(P62) -> 20.493902 | S62: =EXP(P62+Q62*Q62/2) -> 20.496155 | T62: =SQRT((EXP(Q62*Q62)-1)*EXP(2*P62+Q62*Q62)) -> 0.30397136 | U62: =T62/S62 -> 0.014830653 | V62: =VLOOKUP($A62,TABEL,V$10,FALSE)/2+AA62/2 -> 30.95 | W62: =IF(V62="-","-",EXP(X62+1.645*Y62)) -> 33.072181 | X62: =IF(V62="-","-",LN(AA62)-Y62*Y62/2) -> 3.4655327 | Y62: =IF(V62="-","-",(SQRT(1.645^2+2*LN(AA62/V62))-1.645)) -> 0.020157893 | Z62: =IF(V62="-","-",EXP(X62)) -> 31.993499 | AA62: =VLOOKUP($A62,TABEL,AA$10,FALSE) -> 32 | AB62: =IF(V62="-","-",SQRT((EXP(Y62*Y62)-1)*EXP(2*X62+Y62*Y62))) -> 0.6451181 | AC62: =IF(V62="-","-",AB62/AA62) -> 0.020159941 | AD62: =VLOOKUP($A62,TABEL,AD$10,FALSE) -> - | AE62: =IF(AD62="-","-",EXP(AF62+1.645*AG62)) -> - | AF62: =IF(AD62="-","-",LN(AI62)-AG62*AG62/2) -> - | AG62: =IF(AD62="-","-",(SQRT(1.645^2+2*LN(AI62/AD62))-1.645)) -> - | AH62: =IF(AD62="-","-",EXP(AF62)) -> - | AI62: =VLOOKUP($A62,TABEL,AI$10,FALSE) -> - | AJ62: =IF(AD62="-","-",SQRT((EXP(AG62*AG62)-1)*EXP(2*AF62+AG62*AG62))) -> - | AK62: =IF(AD62="-","-",AJ62/AI62) -> - | AL62: =VLOOKUP($A62,TABEL,AL$10,FALSE) -> - | AM62: =IF(AL62="-","-",EXP(AN62+1.645*AO62)) -> - | AN62: =IF(AL62="-","-",LN(AQ62)-AO62*AO62/2) -> - | AO62: =IF(AL62="-","-",(SQRT(1.645^2+2*LN(AQ62/AL62))-1.645)) -> - | AP62: =IF(AL62="-","-",EXP(AN62)) -> - | AQ62: =VLOOKUP($A62,TABEL,AQ$10,FALSE) -> - | AR62: =IF(AL62="-","-",SQRT((EXP(AO62*AO62)-1)*EXP(2*AN62+AO62*AO62))) -> - | AS62: =IF(AL62="-","-",AR62/AQ62) -> - | AT62: =VLOOKUP($A62,TABEL,AT$10,FALSE) -> - | AU62: =IF(AT62="-","-",EXP(AV62+1.645*AW62)) -> - | AV62: =IF(AT62="-","-",LN(AY62)-AW62*AW62/2) -> - | AW62: =IF(AT62="-","-",(SQRT(1.645^2+2*LN(AY62/AT62))-1.645)) -> - | AX62: =IF(AT62="-","-",EXP(AV62)) -> - | AY62: =VLOOKUP($A62,TABEL,AY$10,FALSE) -> - | AZ62: =IF(AT62="-","-",SQRT((EXP(AW62*AW62)-1)*EXP(2*AV62+AW62*AW62))) -> - | BA62: =IF(AT62="-","-",AZ62/AY62) -> - | BB62: =VLOOKUP($A62,TABEL,BB$10,FALSE) -> - | BC62: =IF(BB62="-","-",EXP(BD62+1.645*BE62)) -> - | BD62: =IF(BB62="-","-",LN(BG62)-BE62*BE62/2) -> - | BE62: =IF(BB62="-","-",(SQRT(1.645^2+2*LN(BG62/BB62))-1.645)) -> - | BF62: =IF(BB62="-","-",EXP(BD62)) -> - | BG62: =BB62 -> - | BH62: =IF(BB62="-","-",SQRT((EXP(BE62*BE62)-1)*EXP(2*BD62+BE62*BE62))) -> - | BI62: =IF(BB62="-","-",BH62/BG62) -> - | BJ62: =VLOOKUP($A62,TABEL,BJ$10,FALSE) -> 103 | BK62: =VLOOKUP($A62,TABEL,BK$10,FALSE) -> 103 | BL62: =(LN(BK62)+LN(BJ62))/2 -> 4.634729 | BM62: =(LN(BK62)-LN(BJ62))/(2*1.645) -> 0 | BN62: =IF(BJ62="-","-",EXP(BL62)) -> 103 | BO62: =EXP(BL62+BM62*BM62/2) -> 103 | BP62: =SQRT((EXP(BM62*BM62)-1)*EXP(2*BL62+BM62*BM62)) -> 0 | BQ62: =BP62/BO62 -> 0
A63: P_Rbk_zm | B63: TABLE | E63: =VLOOKUP(A63,Kleurtabel!$A$2:$F$822,6,FALSE) -> #80CCCC00 | F63: =VLOOKUP($A63,TABEL,F$10,FALSE) -> 17 | G63: =VLOOKUP($A63,TABEL,G$10,FALSE) -> 18 | H63: =(LN(G63)+LN(F63))/2 -> 2.8617926 | I63: =(LN(G63)-LN(F63))/(2*1.645) -> 0.017373378 | J63: =IF(F63="-","-",EXP(H63)) -> 17.492856 | K63: =EXP(H63+I63*I63/2) -> 17.495496 | L63: =SQRT((EXP(I63*I63)-1)*EXP(2*H63+I63*I63)) -> 0.3039788 | M63: =L63/K63 -> 0.017374689 | N63: =VLOOKUP($A63,TABEL,N$10,FALSE) -> 19 | O63: =VLOOKUP($A63,TABEL,O$10,FALSE) -> 20 | P63: =(LN(O63)+LN(N63))/2 -> 2.9700856 | Q63: =(LN(O63)-LN(N63))/(2*1.645) -> 0.015590667 | R63: =EXP(P63) -> 19.493589 | S63: =EXP(P63+Q63*Q63/2) -> 19.495958 | T63: =SQRT((EXP(Q63*Q63)-1)*EXP(2*P63+Q63*Q63)) -> 0.30397346 | U63: =T63/S63 -> 0.015591614 | V63: =VLOOKUP($A63,TABEL,V$10,FALSE)/2+AA63/2 -> 33.2 | W63: =IF(V63="-","-",EXP(X63+1.645*Y63)) -> 34.812046 | X63: =IF(V63="-","-",LN(AA63)-Y63*Y63/2) -> 3.5262567 | Y63: =IF(V63="-","-",(SQRT(1.645^2+2*LN(AA63/V63))-1.645)) -> 0.014411431 | Z63: =IF(V63="-","-",EXP(X63)) -> 33.996469 | AA63: =VLOOKUP($A63,TABEL,AA$10,FALSE) -> 34 | AB63: =IF(V63="-","-",SQRT((EXP(Y63*Y63)-1)*EXP(2*X63+Y63*Y63))) -> 0.4900141 | AC63: =IF(V63="-","-",AB63/AA63) -> 0.014412179 | AD63: =VLOOKUP($A63,TABEL,AD$10,FALSE) -> - | AE63: =IF(AD63="-","-",EXP(AF63+1.645*AG63)) -> - | AF63: =IF(AD63="-","-",LN(AI63)-AG63*AG63/2) -> - | AG63: =IF(AD63="-","-",(SQRT(1.645^2+2*LN(AI63/AD63))-1.645)) -> - | AH63: =IF(AD63="-","-",EXP(AF63)) -> - | AI63: =VLOOKUP($A63,TABEL,AI$10,FALSE) -> - | AJ63: =IF(AD63="-","-",SQRT((EXP(AG63*AG63)-1)*EXP(2*AF63+AG63*AG63))) -> - | AK63: =IF(AD63="-","-",AJ63/AI63) -> - | AL63: =VLOOKUP($A63,TABEL,AL$10,FALSE) -> - | AM63: =IF(AL63="-","-",EXP(AN63+1.645*AO63)) -> - | AN63: =IF(AL63="-","-",LN(AQ63)-AO63*AO63/2) -> - | AO63: =IF(AL63="-","-",(SQRT(1.645^2+2*LN(AQ63/AL63))-1.645)) -> - | AP63: =IF(AL63="-","-",EXP(AN63)) -> - | AQ63: =VLOOKUP($A63,TABEL,AQ$10,FALSE) -> - | AR63: =IF(AL63="-","-",SQRT((EXP(AO63*AO63)-1)*EXP(2*AN63+AO63*AO63))) -> - | AS63: =IF(AL63="-","-",AR63/AQ63) -> - | AT63: =VLOOKUP($A63,TABEL,AT$10,FALSE) -> - | AU63: =IF(AT63="-","-",EXP(AV63+1.645*AW63)) -> - | AV63: =IF(AT63="-","-",LN(AY63)-AW63*AW63/2) -> - | AW63: =IF(AT63="-","-",(SQRT(1.645^2+2*LN(AY63/AT63))-1.645)) -> - | AX63: =IF(AT63="-","-",EXP(AV63)) -> - | AY63: =VLOOKUP($A63,TABEL,AY$10,FALSE) -> - | AZ63: =IF(AT63="-","-",SQRT((EXP(AW63*AW63)-1)*EXP(2*AV63+AW63*AW63))) -> - | BA63: =IF(AT63="-","-",AZ63/AY63) -> - | BB63: =VLOOKUP($A63,TABEL,BB$10,FALSE) -> - | BC63: =IF(BB63="-","-",EXP(BD63+1.645*BE63)) -> - | BD63: =IF(BB63="-","-",LN(BG63)-BE63*BE63/2) -> - | BE63: =IF(BB63="-","-",(SQRT(1.645^2+2*LN(BG63/BB63))-1.645)) -> - | BF63: =IF(BB63="-","-",EXP(BD63)) -> - | BG63: =BB63 -> - | BH63: =IF(BB63="-","-",SQRT((EXP(BE63*BE63)-1)*EXP(2*BD63+BE63*BE63))) -> - | BI63: =IF(BB63="-","-",BH63/BG63) -> - | BJ63: =VLOOKUP($A63,TABEL,BJ$10,FALSE) -> 103 | BK63: =VLOOKUP($A63,TABEL,BK$10,FALSE) -> 103 | BL63: =(LN(BK63)+LN(BJ63))/2 -> 4.634729 | BM63: =(LN(BK63)-LN(BJ63))/(2*1.645) -> 0 | BN63: =IF(BJ63="-","-",EXP(BL63)) -> 103 | BO63: =EXP(BL63+BM63*BM63/2) -> 103 | BP63: =SQRT((EXP(BM63*BM63)-1)*EXP(2*BL63+BM63*BM63)) -> 0 | BQ63: =BP63/BO63 -> 0
A64: P_Rbk_z_s_z | B64: TABLE | E64: =VLOOKUP(A64,Kleurtabel!$A$2:$F$822,6,FALSE) -> #N/A | F64: =F65 -> 19 | G64: =G65 -> 20 | H64: =H65 -> 2.9700856 | I64: =I65 -> 0.015590667 | J64: =J65 -> 19.493589 | K64: =K65 -> 19.495958 | L64: =L65 -> 0.30397346 | M64: =M65 -> 0.015591614 | ... BQ64: =BQ65 -> 0
A65: P_Rbk_z&s_s | B65: TABLE | E65: =VLOOKUP(A65,Kleurtabel!$A$2:$F$822,6,FALSE) -> #80E7E200 | F65: =VLOOKUP($A65,TABEL,F$10,FALSE) -> 19 | G65: =VLOOKUP($A65,TABEL,G$10,FALSE) -> 20 | H65: =(LN(G65)+LN(F65))/2 -> 2.9700856 | I65: =(LN(G65)-LN(F65))/(2*1.645) -> 0.015590667 | J65: =IF(F65="-","-",EXP(H65)) -> 19.493589 | K65: =EXP(H65+I65*I65/2) -> 19.495958 | L65: =SQRT((EXP(I65*I65)-1)*EXP(2*H65+I65*I65)) -> 0.30397346 | M65: =L65/K65 -> 0.015591614 | N65: =VLOOKUP($A65,TABEL,N$10,FALSE) -> 19 | O65: =VLOOKUP($A65,TABEL,O$10,FALSE) -> 20 | P65: =(LN(O65)+LN(N65))/2 -> 2.9700856 | Q65: =(LN(O65)-LN(N65))/(2*1.645) -> 0.015590667 | R65: =EXP(P65) -> 19.493589 | S65: =EXP(P65+Q65*Q65/2) -> 19.495958 | T65: =SQRT((EXP(Q65*Q65)-1)*EXP(2*P65+Q65*Q65)) -> 0.30397346 | U65: =T65/S65 -> 0.015591614 | V65: =VLOOKUP($A65,TABEL,V$10,FALSE)/2+AA65/2 -> 30.95 | W65: =IF(V65="-","-",EXP(X65+1.645*Y65)) -> 33.072181 | X65: =IF(V65="-","-",LN(AA65)-Y65*Y65/2) -> 3.4655327 | Y65: =IF(V65="-","-",(SQRT(1.645^2+2*LN(AA65/V65))-1.645)) -> 0.020157893 | Z65: =IF(V65="-","-",EXP(X65)) -> 31.993499 | AA65: =VLOOKUP($A65,TABEL,AA$10,FALSE) -> 32 | AB65: =IF(V65="-","-",SQRT((EXP(Y65*Y65)-1)*EXP(2*X65+Y65*Y65))) -> 0.6451181 | AC65: =IF(V65="-","-",AB65/AA65) -> 0.020159941 | AD65: =VLOOKUP($A65,TABEL,AD$10,FALSE) -> - | AE65: =IF(AD65="-","-",EXP(AF65+1.645*AG65)) -> - | AF65: =IF(AD65="-","-",LN(AI65)-AG65*AG65/2) -> - | AG65: =IF(AD65="-","-",(SQRT(1.645^2+2*LN(AI65/AD65))-1.645)) -> - | AH65: =IF(AD65="-","-",EXP(AF65)) -> - | AI65: =VLOOKUP($A65,TABEL,AI$10,FALSE) -> - | AJ65: =IF(AD65="-","-",SQRT((EXP(AG65*AG65)-1)*EXP(2*AF65+AG65*AG65))) -> - | AK65: =IF(AD65="-","-",AJ65/AI65) -> - | AL65: =VLOOKUP($A65,TABEL,AL$10,FALSE) -> - | AM65: =IF(AL65="-","-",EXP(AN65+1.645*AO65)) -> - | AN65: =IF(AL65="-","-",LN(AQ65)-AO65*AO65/2) -> - | AO65: =IF(AL65="-","-",(SQRT(1.645^2+2*LN(AQ65/AL65))-1.645)) -> - | AP65: =IF(AL65="-","-",EXP(AN65)) -> - | AQ65: =VLOOKUP($A65,TABEL,AQ$10,FALSE) -> - | AR65: =IF(AL65="-","-",SQRT((EXP(AO65*AO65)-1)*EXP(2*AN65+AO65*AO65))) -> - | AS65: =IF(AL65="-","-",AR65/AQ65) -> - | AT65: =VLOOKUP($A65,TABEL,AT$10,FALSE) -> - | AU65: =IF(AT65="-","-",EXP(AV65+1.645*AW65)) -> - | AV65: =IF(AT65="-","-",LN(AY65)-AW65*AW65/2) -> - | AW65: =IF(AT65="-","-",(SQRT(1.645^2+2*LN(AY65/AT65))-1.645)) -> - | AX65: =IF(AT65="-","-",EXP(AV65)) -> - | AY65: =VLOOKUP($A65,TABEL,AY$10,FALSE) -> - | AZ65: =IF(AT65="-","-",SQRT((EXP(AW65*AW65)-1)*EXP(2*AV65+AW65*AW65))) -> - | BA65: =IF(AT65="-","-",AZ65/AY65) -> - | BB65: =VLOOKUP($A65,TABEL,BB$10,FALSE) -> 0.03*q_c;N | BC65: =IF(BB65="-","-",EXP(BD65+1.645*BE65)) -> #VALUE! | BD65: =IF(BB65="-","-",LN(BG65)-BE65*BE65/2) -> #VALUE! | BE65: =IF(BB65="-","-",(SQRT(1.645^2+2*LN(BG65/BB65))-1.645)) -> #VALUE! | BF65: =IF(BB65="-","-",EXP(BD65)) -> #VALUE! | BG65: =BB65 -> 0.03*q_c;N | BH65: =IF(BB65="-","-",SQRT((EXP(BE65*BE65)-1)*EXP(2*BD65+BE65*BE65))) -> #VALUE! | BI65: =IF(BB65="-","-",BH65/BG65) -> #VALUE! | BJ65: =VLOOKUP($A65,TABEL,BJ$10,FALSE) -> 103 | BK65: =VLOOKUP($A65,TABEL,BK$10,FALSE) -> 103 | BL65: =(LN(BK65)+LN(BJ65))/2 -> 4.634729 | BM65: =(LN(BK65)-LN(BJ65))/(2*1.645) -> 0 | BN65: =IF(BJ65="-","-",EXP(BL65)) -> 103 | BO65: =EXP(BL65+BM65*BM65/2) -> 103 | BP65: =SQRT((EXP(BM65*BM65)-1)*EXP(2*BL65+BM65*BM65)) -> 0 | BQ65: =BP65/BO65 -> 0
A66: P_Rbk_kz | B66: CPT | E66: =VLOOKUP(A66,Kleurtabel!$A$2:$F$822,6,FALSE) -> #80808000 | F66: =VLOOKUP($A66,TABEL,F$10,FALSE) -> 15 | G66: =VLOOKUP($A66,TABEL,G$10,FALSE) -> 18 | H66: =(LN(G66)+LN(F66))/2 -> 2.799211 | I66: =(LN(G66)-LN(F66))/(2*1.645) -> 0.055416887 | J66: =IF(F66="-","-",EXP(H66)) -> 16.431677 | K66: =EXP(H66+I66*I66/2) -> 16.456927 | L66: =SQRT((EXP(I66*I66)-1)*EXP(2*H66+I66*I66)) -> 0.9126923 | M66: =L66/K66 -> 0.055459461 | N66: =VLOOKUP($A66,TABEL,N$10,FALSE) -> 15 | O66: =VLOOKUP($A66,TABEL,O$10,FALSE) -> 18 | P66: =(LN(O66)+LN(N66))/2 -> 2.799211 | Q66: =(LN(O66)-LN(N66))/(2*1.645) -> 0.055416887 | R66: =EXP(P66) -> 16.431677 | S66: =EXP(P66+Q66*Q66/2) -> 16.456927 | T66: =SQRT((EXP(Q66*Q66)-1)*EXP(2*P66+Q66*Q66)) -> 0.9126923 | U66: =T66/S66 -> 0.055459461 | V66: =VLOOKUP($A66,TABEL,V$10,FALSE)/2+AA66/2 -> 30.95 | W66: =IF(V66="-","-",EXP(X66+1.645*Y66)) -> 33.072181 | X66: =IF(V66="-","-",LN(AA66)-Y66*Y66/2) -> 3.4655327 | Y66: =IF(V66="-","-",(SQRT(1.645^2+2*LN(AA66/V66))-1.645)) -> 0.020157893 | Z66: =IF(V66="-","-",EXP(X66)) -> 31.993499 | AA66: =VLOOKUP($A66,TABEL,AA$10,FALSE) -> 32 | AB66: =IF(V66="-","-",SQRT((EXP(Y66*Y66)-1)*EXP(2*X66+Y66*Y66))) -> 0.6451181 | AC66: =IF(V66="-","-",AB66/AA66) -> 0.020159941 | AD66: =VLOOKUP($A66,TABEL,AD$10,FALSE) -> 0.259 | AE66: =IF(AD66="-","-",EXP(AF66+1.645*AG66)) -> 0.26502181 | AF66: =IF(AD66="-","-",LN(AI66)-AG66*AG66/2) -> -1.3394352 | AG66: =IF(AD66="-","-",(SQRT(1.645^2+2*LN(AI66/AD66))-1.645)) -> 0.0069860424 | AH66: =IF(AD66="-","-",EXP(AF66)) -> 0.26199361 | AI66: =VLOOKUP($A66,TABEL,AI$10,FALSE) -> 0.262 | AJ66: =IF(AD66="-","-",SQRT((EXP(AG66*AG66)-1)*EXP(2*AF66+AG66*AG66))) -> 0.0018303654 | AK66: =IF(AD66="-","-",AJ66/AI66) -> 0.0069861276 | AL66: =VLOOKUP($A66,TABEL,AL$10,FALSE) -> 0.892 | AM66: =IF(AL66="-","-",EXP(AN66+1.645*AO66)) -> 0.90804509 | AN66: =IF(AL66="-","-",LN(AQ66)-AO66*AO66/2) -> -0.1053752 | AO66: =IF(AL66="-","-",(SQRT(1.645^2+2*LN(AQ66/AL66))-1.645)) -> 0.005418814 | AP66: =IF(AL66="-","-",EXP(AN66)) -> 0.89998679 | AQ66: =VLOOKUP($A66,TABEL,AQ$10,FALSE) -> 0.9 | AR66: =IF(AL66="-","-",SQRT((EXP(AO66*AO66)-1)*EXP(2*AN66+AO66*AO66))) -> 0.0048769684 | AS66: =IF(AL66="-","-",AR66/AQ66) -> 0.0054188537 | AT66: =VLOOKUP($A66,TABEL,AT$10,FALSE) -> 28.42 | AU66: =IF(AT66="-","-",EXP(AV66+1.645*AW66)) -> 75.763975 | AV66: =IF(AT66="-","-",LN(AY66)-AW66*AW66/2) -> 3.837358 | AW66: =IF(AT66="-","-",(SQRT(1.645^2+2*LN(AY66/AT66))-1.645)) -> 0.29803337 | AX66: =IF(AT66="-","-",EXP(AV66)) -> 46.402717 | AY66: =VLOOKUP($A66,TABEL,AY$10,FALSE) -> 48.51 | AZ66: =IF(AT66="-","-",SQRT((EXP(AW66*AW66)-1)*EXP(2*AV66+AW66*AW66))) -> 14.784665 | BA66: =IF(AT66="-","-",AZ66/AY66) -> 0.30477561 | BB66: =VLOOKUP($A66,TABEL,BB$10,FALSE) -> 8 | BC66: =IF(BB66="-","-",EXP(BD66+1.645*BE66)) -> 8 | BD66: =IF(BB66="-","-",LN(BG66)-BE66*BE66/2) -> 2.0794415 | BE66: =IF(BB66="-","-",(SQRT(1.645^2+2*LN(BG66/BB66))-1.645)) -> 0 | BF66: =IF(BB66="-","-",EXP(BD66)) -> 8 | BG66: =BB66 -> 8 | BH66: =IF(BB66="-","-",SQRT((EXP(BE66*BE66)-1)*EXP(2*BD66+BE66*BE66))) -> 0 | BI66: =IF(BB66="-","-",BH66/BG66) -> 0 | BJ66: =VLOOKUP($A66,TABEL,BJ$10,FALSE) -> 103 | BK66: =VLOOKUP($A66,TABEL,BK$10,FALSE) -> 103 | BL66: =(LN(BK66)+LN(BJ66))/2 -> 4.634729 | BM66: =(LN(BK66)-LN(BJ66))/(2*1.645) -> 0 | BN66: =IF(BJ66="-","-",EXP(BL66)) -> 103 | BO66: =EXP(BL66+BM66*BM66/2) -> 103 | BP66: =SQRT((EXP(BM66*BM66)-1)*EXP(2*BL66+BM66*BM66)) -> 0 | BQ66: =BP66/BO66 -> 0
A67: P_Wrd_zm | B67: TABLE | E67: =VLOOKUP(A67,Kleurtabel!$A$2:$F$822,6,FALSE) -> #80FFCC00 | F67: =VLOOKUP($A67,TABEL,F$10,FALSE) -> 17 | G67: =VLOOKUP($A67,TABEL,G$10,FALSE) -> 18 | H67: =(LN(G67)+LN(F67))/2 -> 2.8617926 | I67: =(LN(G67)-LN(F67))/(2*1.645) -> 0.017373378 | J67: =IF(F67="-","-",EXP(H67)) -> 17.492856 | K67: =EXP(H67+I67*I67/2) -> 17.495496 | L67: =SQRT((EXP(I67*I67)-1)*EXP(2*H67+I67*I67)) -> 0.3039788 | M67: =L67/K67 -> 0.017374689 | N67: =VLOOKUP($A67,TABEL,N$10,FALSE) -> 19 | O67: =VLOOKUP($A67,TABEL,O$10,FALSE) -> 20 | P67: =(LN(O67)+LN(N67))/2 -> 2.9700856 | Q67: =(LN(O67)-LN(N67))/(2*1.645) -> 0.015590667 | R67: =EXP(P67) -> 19.493589 | S67: =EXP(P67+Q67*Q67/2) -> 19.495958 | T67: =SQRT((EXP(Q67*Q67)-1)*EXP(2*P67+Q67*Q67)) -> 0.30397346 | U67: =T67/S67 -> 0.015591614 | V67: =VLOOKUP($A67,TABEL,V$10,FALSE)/2+AA67/2 -> 29.3 | W67: =IF(V67="-","-",EXP(X67+1.645*Y67)) -> 30.710451 | X67: =IF(V67="-","-",LN(AA67)-Y67*Y67/2) -> 3.4010953 | Y67: =IF(V67="-","-",(SQRT(1.645^2+2*LN(AA67/V67))-1.645)) -> 0.01429043 | Z67: =IF(V67="-","-",EXP(X67)) -> 29.996937 | AA67: =VLOOKUP($A67,TABEL,AA$10,FALSE) -> 30 | AB67: =IF(V67="-","-",SQRT((EXP(Y67*Y67)-1)*EXP(2*X67+Y67*Y67))) -> 0.42873479 | AC67: =IF(V67="-","-",AB67/AA67) -> 0.01429116 | AD67: =VLOOKUP($A67,TABEL,AD$10,FALSE) -> - | AE67: =IF(AD67="-","-",EXP(AF67+1.645*AG67)) -> - | AF67: =IF(AD67="-","-",LN(AI67)-AG67*AG67/2) -> - | AG67: =IF(AD67="-","-",(SQRT(1.645^2+2*LN(AI67/AD67))-1.645)) -> - | AH67: =IF(AD67="-","-",EXP(AF67)) -> - | AI67: =VLOOKUP($A67,TABEL,AI$10,FALSE) -> - | AJ67: =IF(AD67="-","-",SQRT((EXP(AG67*AG67)-1)*EXP(2*AF67+AG67*AG67))) -> - | AK67: =IF(AD67="-","-",AJ67/AI67) -> - | AL67: =VLOOKUP($A67,TABEL,AL$10,FALSE) -> - | AM67: =IF(AL67="-","-",EXP(AN67+1.645*AO67)) -> - | AN67: =IF(AL67="-","-",LN(AQ67)-AO67*AO67/2) -> - | AO67: =IF(AL67="-","-",(SQRT(1.645^2+2*LN(AQ67/AL67))-1.645)) -> - | AP67: =IF(AL67="-","-",EXP(AN67)) -> - | AQ67: =VLOOKUP($A67,TABEL,AQ$10,FALSE) -> - | AR67: =IF(AL67="-","-",SQRT((EXP(AO67*AO67)-1)*EXP(2*AN67+AO67*AO67))) -> - | AS67: =IF(AL67="-","-",AR67/AQ67) -> - | AT67: =VLOOKUP($A67,TABEL,AT$10,FALSE) -> - | AU67: =IF(AT67="-","-",EXP(AV67+1.645*AW67)) -> - | AV67: =IF(AT67="-","-",LN(AY67)-AW67*AW67/2) -> - | AW67: =IF(AT67="-","-",(SQRT(1.645^2+2*LN(AY67/AT67))-1.645)) -> - | AX67: =IF(AT67="-","-",EXP(AV67)) -> - | AY67: =VLOOKUP($A67,TABEL,AY$10,FALSE) -> - | AZ67: =IF(AT67="-","-",SQRT((EXP(AW67*AW67)-1)*EXP(2*AV67+AW67*AW67))) -> - | BA67: =IF(AT67="-","-",AZ67/AY67) -> - | BB67: =VLOOKUP($A67,TABEL,BB$10,FALSE) -> - | BC67: =IF(BB67="-","-",EXP(BD67+1.645*BE67)) -> - | BD67: =IF(BB67="-","-",LN(BG67)-BE67*BE67/2) -> - | BE67: =IF(BB67="-","-",(SQRT(1.645^2+2*LN(BG67/BB67))-1.645)) -> - | BF67: =IF(BB67="-","-",EXP(BD67)) -> - | BG67: =BB67 -> - | BH67: =IF(BB67="-","-",SQRT((EXP(BE67*BE67)-1)*EXP(2*BD67+BE67*BE67))) -> - | BI67: =IF(BB67="-","-",BH67/BG67) -> - | BJ67: =VLOOKUP($A67,TABEL,BJ$10,FALSE) -> 103 | BK67: =VLOOKUP($A67,TABEL,BK$10,FALSE) -> 103 | BL67: =(LN(BK67)+LN(BJ67))/2 -> 4.634729 | BM67: =(LN(BK67)-LN(BJ67))/(2*1.645) -> 0 | BN67: =IF(BJ67="-","-",EXP(BL67)) -> 103 | BO67: =EXP(BL67+BM67*BM67/2) -> 103 | BP67: =SQRT((EXP(BM67*BM67)-1)*EXP(2*BL67+BM67*BM67)) -> 0 | BQ67: =BP67/BO67 -> 0
A68: P_Wdz_zf | B68: TABLE | E68: =VLOOKUP(A68,Kleurtabel!$A$2:$F$822,6,FALSE) -> #80FFFF66 | F68: =VLOOKUP($A68,TABEL,F$10,FALSE) -> 17 | G68: =VLOOKUP($A68,TABEL,G$10,FALSE) -> 18 | H68: =(LN(G68)+LN(F68))/2 -> 2.8617926 | I68: =(LN(G68)-LN(F68))/(2*1.645) -> 0.017373378 | J68: =IF(F68="-","-",EXP(H68)) -> 17.492856 | K68: =EXP(H68+I68*I68/2) -> 17.495496 | L68: =SQRT((EXP(I68*I68)-1)*EXP(2*H68+I68*I68)) -> 0.3039788 | M68: =L68/K68 -> 0.017374689 | N68: =VLOOKUP($A68,TABEL,N$10,FALSE) -> 19 | O68: =VLOOKUP($A68,TABEL,O$10,FALSE) -> 20 | P68: =(LN(O68)+LN(N68))/2 -> 2.9700856 | Q68: =(LN(O68)-LN(N68))/(2*1.645) -> 0.015590667 | R68: =EXP(P68) -> 19.493589 | S68: =EXP(P68+Q68*Q68/2) -> 19.495958 | T68: =SQRT((EXP(Q68*Q68)-1)*EXP(2*P68+Q68*Q68)) -> 0.30397346 | U68: =T68/S68 -> 0.015591614 | V68: =VLOOKUP($A68,TABEL,V$10,FALSE)/2+AA68/2 -> 29.3 | W68: =IF(V68="-","-",EXP(X68+1.645*Y68)) -> 30.710451 | X68: =IF(V68="-","-",LN(AA68)-Y68*Y68/2) -> 3.4010953 | Y68: =IF(V68="-","-",(SQRT(1.645^2+2*LN(AA68/V68))-1.645)) -> 0.01429043 | Z68: =IF(V68="-","-",EXP(X68)) -> 29.996937 | AA68: =VLOOKUP($A68,TABEL,AA$10,FALSE) -> 30 | AB68: =IF(V68="-","-",SQRT((EXP(Y68*Y68)-1)*EXP(2*X68+Y68*Y68))) -> 0.42873479 | AC68: =IF(V68="-","-",AB68/AA68) -> 0.01429116 | AD68: =VLOOKUP($A68,TABEL,AD$10,FALSE) -> - | AE68: =IF(AD68="-","-",EXP(AF68+1.645*AG68)) -> - | AF68: =IF(AD68="-","-",LN(AI68)-AG68*AG68/2) -> - | AG68: =IF(AD68="-","-",(SQRT(1.645^2+2*LN(AI68/AD68))-1.645)) -> - | AH68: =IF(AD68="-","-",EXP(AF68)) -> - | AI68: =VLOOKUP($A68,TABEL,AI$10,FALSE) -> - | AJ68: =IF(AD68="-","-",SQRT((EXP(AG68*AG68)-1)*EXP(2*AF68+AG68*AG68))) -> - | AK68: =IF(AD68="-","-",AJ68/AI68) -> - | AL68: =VLOOKUP($A68,TABEL,AL$10,FALSE) -> - | AM68: =IF(AL68="-","-",EXP(AN68+1.645*AO68)) -> - | AN68: =IF(AL68="-","-",LN(AQ68)-AO68*AO68/2) -> - | AO68: =IF(AL68="-","-",(SQRT(1.645^2+2*LN(AQ68/AL68))-1.645)) -> - | AP68: =IF(AL68="-","-",EXP(AN68)) -> - | AQ68: =VLOOKUP($A68,TABEL,AQ$10,FALSE) -> - | AR68: =IF(AL68="-","-",SQRT((EXP(AO68*AO68)-1)*EXP(2*AN68+AO68*AO68))) -> - | AS68: =IF(AL68="-","-",AR68/AQ68) -> - | AT68: =VLOOKUP($A68,TABEL,AT$10,FALSE) -> - | AU68: =IF(AT68="-","-",EXP(AV68+1.645*AW68)) -> - | AV68: =IF(AT68="-","-",LN(AY68)-AW68*AW68/2) -> - | AW68: =IF(AT68="-","-",(SQRT(1.645^2+2*LN(AY68/AT68))-1.645)) -> - | AX68: =IF(AT68="-","-",EXP(AV68)) -> - | AY68: =VLOOKUP($A68,TABEL,AY$10,FALSE) -> - | AZ68: =IF(AT68="-","-",SQRT((EXP(AW68*AW68)-1)*EXP(2*AV68+AW68*AW68))) -> - | BA68: =IF(AT68="-","-",AZ68/AY68) -> - | BB68: =VLOOKUP($A68,TABEL,BB$10,FALSE) -> - | BC68: =IF(BB68="-","-",EXP(BD68+1.645*BE68)) -> - | BD68: =IF(BB68="-","-",LN(BG68)-BE68*BE68/2) -> - | BE68: =IF(BB68="-","-",(SQRT(1.645^2+2*LN(BG68/BB68))-1.645)) -> - | BF68: =IF(BB68="-","-",EXP(BD68)) -> - | BG68: =BB68 -> - | BH68: =IF(BB68="-","-",SQRT((EXP(BE68*BE68)-1)*EXP(2*BD68+BE68*BE68))) -> - | BI68: =IF(BB68="-","-",BH68/BG68) -> - | BJ68: =VLOOKUP($A68,TABEL,BJ$10,FALSE) -> 103 | BK68: =VLOOKUP($A68,TABEL,BK$10,FALSE) -> 103 | BL68: =(LN(BK68)+LN(BJ68))/2 -> 4.634729 | BM68: =(LN(BK68)-LN(BJ68))/(2*1.645) -> 0 | BN68: =IF(BJ68="-","-",EXP(BL68)) -> 103 | BO68: =EXP(BL68+BM68*BM68/2) -> 103 | BP68: =SQRT((EXP(BM68*BM68)-1)*EXP(2*BL68+BM68*BM68)) -> 0 | BQ68: =BP68/BO68 -> 0
A69: P_Wls_s | B69: CPT | E69: =VLOOKUP(A69,Kleurtabel!$A$2:$F$822,6,FALSE) -> #80808000 | F69: =VLOOKUP($A69,TABEL,F$10,FALSE) -> 19 | G69: =VLOOKUP($A69,TABEL,G$10,FALSE) -> 20 | H69: =(LN(G69)+LN(F69))/2 -> 2.9700856 | I69: =(LN(G69)-LN(F69))/(2*1.645) -> 0.015590667 | J69: =IF(F69="-","-",EXP(H69)) -> 19.493589 | K69: =EXP(H69+I69*I69/2) -> 19.495958 | L69: =SQRT((EXP(I69*I69)-1)*EXP(2*H69+I69*I69)) -> 0.30397346 | M69: =L69/K69 -> 0.015591614 | N69: =VLOOKUP($A69,TABEL,N$10,FALSE) -> 19 | O69: =VLOOKUP($A69,TABEL,O$10,FALSE) -> 20 | P69: =(LN(O69)+LN(N69))/2 -> 2.9700856 | Q69: =(LN(O69)-LN(N69))/(2*1.645) -> 0.015590667 | R69: =EXP(P69) -> 19.493589 | S69: =EXP(P69+Q69*Q69/2) -> 19.495958 | T69: =SQRT((EXP(Q69*Q69)-1)*EXP(2*P69+Q69*Q69)) -> 0.30397346 | U69: =T69/S69 -> 0.015591614 | V69: =VLOOKUP($A69,TABEL,V$10,FALSE)/2+AA69/2 -> 30.95 | W69: =IF(V69="-","-",EXP(X69+1.645*Y69)) -> 33.072181 | X69: =IF(V69="-","-",LN(AA69)-Y69*Y69/2) -> 3.4655327 | Y69: =IF(V69="-","-",(SQRT(1.645^2+2*LN(AA69/V69))-1.645)) -> 0.020157893 | Z69: =IF(V69="-","-",EXP(X69)) -> 31.993499 | AA69: =VLOOKUP($A69,TABEL,AA$10,FALSE) -> 32 | AB69: =IF(V69="-","-",SQRT((EXP(Y69*Y69)-1)*EXP(2*X69+Y69*Y69))) -> 0.6451181 | AC69: =IF(V69="-","-",AB69/AA69) -> 0.020159941 | AD69: =VLOOKUP($A69,TABEL,AD$10,FALSE) -> - | AE69: =IF(AD69="-","-",EXP(AF69+1.645*AG69)) -> - | AF69: =IF(AD69="-","-",LN(AI69)-AG69*AG69/2) -> - | AG69: =IF(AD69="-","-",(SQRT(1.645^2+2*LN(AI69/AD69))-1.645)) -> - | AH69: =IF(AD69="-","-",EXP(AF69)) -> - | AI69: =VLOOKUP($A69,TABEL,AI$10,FALSE) -> - | AJ69: =IF(AD69="-","-",SQRT((EXP(AG69*AG69)-1)*EXP(2*AF69+AG69*AG69))) -> - | AK69: =IF(AD69="-","-",AJ69/AI69) -> - | AL69: =VLOOKUP($A69,TABEL,AL$10,FALSE) -> - | AM69: =IF(AL69="-","-",EXP(AN69+1.645*AO69)) -> - | AN69: =IF(AL69="-","-",LN(AQ69)-AO69*AO69/2) -> - | AO69: =IF(AL69="-","-",(SQRT(1.645^2+2*LN(AQ69/AL69))-1.645)) -> - | AP69: =IF(AL69="-","-",EXP(AN69)) -> - | AQ69: =VLOOKUP($A69,TABEL,AQ$10,FALSE) -> - | AR69: =IF(AL69="-","-",SQRT((EXP(AO69*AO69)-1)*EXP(2*AN69+AO69*AO69))) -> - | AS69: =IF(AL69="-","-",AR69/AQ69) -> - | AT69: =VLOOKUP($A69,TABEL,AT$10,FALSE) -> - | AU69: =IF(AT69="-","-",EXP(AV69+1.645*AW69)) -> - | AV69: =IF(AT69="-","-",LN(AY69)-AW69*AW69/2) -> - | AW69: =IF(AT69="-","-",(SQRT(1.645^2+2*LN(AY69/AT69))-1.645)) -> - | AX69: =IF(AT69="-","-",EXP(AV69)) -> - | AY69: =VLOOKUP($A69,TABEL,AY$10,FALSE) -> - | AZ69: =IF(AT69="-","-",SQRT((EXP(AW69*AW69)-1)*EXP(2*AV69+AW69*AW69))) -> - | BA69: =IF(AT69="-","-",AZ69/AY69) -> - | BB69: =VLOOKUP($A69,TABEL,BB$10,FALSE) -> 0.03*qc;n | BC69: =IF(BB69="-","-",EXP(BD69+1.645*BE69)) -> #VALUE! | BD69: =IF(BB69="-","-",LN(BG69)-BE69*BE69/2) -> #VALUE! | BE69: =IF(BB69="-","-",(SQRT(1.645^2+2*LN(BG69/BB69))-1.645)) -> #VALUE! | BF69: =IF(BB69="-","-",EXP(BD69)) -> #VALUE! | BG69: =BB69 -> 0.03*qc;n | BH69: =IF(BB69="-","-",SQRT((EXP(BE69*BE69)-1)*EXP(2*BD69+BE69*BE69))) -> #VALUE! | BI69: =IF(BB69="-","-",BH69/BG69) -> #VALUE! | BJ69: =VLOOKUP($A69,TABEL,BJ$10,FALSE) -> 103 | BK69: =VLOOKUP($A69,TABEL,BK$10,FALSE) -> 103 | BL69: =(LN(BK69)+LN(BJ69))/2 -> 4.634729 | BM69: =(LN(BK69)-LN(BJ69))/(2*1.645) -> 0 | BN69: =IF(BJ69="-","-",EXP(BL69)) -> 103 | BO69: =EXP(BL69+BM69*BM69/2) -> 103 | BP69: =SQRT((EXP(BM69*BM69)-1)*EXP(2*BL69+BM69*BM69)) -> 0 | BQ69: =BP69/BO69 -> 0
A70: P_Gs_zg | B70: TABLE | E70: =VLOOKUP(A70,Kleurtabel!$A$2:$F$822,6,FALSE) -> #80FF0000 | F70: =VLOOKUP($A70,TABEL,F$10,FALSE) -> 17 | G70: =VLOOKUP($A70,TABEL,G$10,FALSE) -> 18 | H70: =(LN(G70)+LN(F70))/2 -> 2.8617926 | I70: =(LN(G70)-LN(F70))/(2*1.645) -> 0.017373378 | J70: =IF(F70="-","-",EXP(H70)) -> 17.492856 | K70: =EXP(H70+I70*I70/2) -> 17.495496 | L70: =SQRT((EXP(I70*I70)-1)*EXP(2*H70+I70*I70)) -> 0.3039788 | M70: =L70/K70 -> 0.017374689 | N70: =VLOOKUP($A70,TABEL,N$10,FALSE) -> 19 | O70: =VLOOKUP($A70,TABEL,O$10,FALSE) -> 20 | P70: =(LN(O70)+LN(N70))/2 -> 2.9700856 | Q70: =(LN(O70)-LN(N70))/(2*1.645) -> 0.015590667 | R70: =EXP(P70) -> 19.493589 | S70: =EXP(P70+Q70*Q70/2) -> 19.495958 | T70: =SQRT((EXP(Q70*Q70)-1)*EXP(2*P70+Q70*Q70)) -> 0.30397346 | U70: =T70/S70 -> 0.015591614 | V70: =VLOOKUP($A70,TABEL,V$10,FALSE)/2+AA70/2 -> 30.95 | W70: =IF(V70="-","-",EXP(X70+1.645*Y70)) -> 33.072181 | X70: =IF(V70="-","-",LN(AA70)-Y70*Y70/2) -> 3.4655327 | Y70: =IF(V70="-","-",(SQRT(1.645^2+2*LN(AA70/V70))-1.645)) -> 0.020157893 | Z70: =IF(V70="-","-",EXP(X70)) -> 31.993499 | AA70: =VLOOKUP($A70,TABEL,AA$10,FALSE) -> 32 | AB70: =IF(V70="-","-",SQRT((EXP(Y70*Y70)-1)*EXP(2*X70+Y70*Y70))) -> 0.6451181 | AC70: =IF(V70="-","-",AB70/AA70) -> 0.020159941 | AD70: =VLOOKUP($A70,TABEL,AD$10,FALSE) -> - | AE70: =IF(AD70="-","-",EXP(AF70+1.645*AG70)) -> - | AF70: =IF(AD70="-","-",LN(AI70)-AG70*AG70/2) -> - | AG70: =IF(AD70="-","-",(SQRT(1.645^2+2*LN(AI70/AD70))-1.645)) -> - | AH70: =IF(AD70="-","-",EXP(AF70)) -> - | AI70: =VLOOKUP($A70,TABEL,AI$10,FALSE) -> - | AJ70: =IF(AD70="-","-",SQRT((EXP(AG70*AG70)-1)*EXP(2*AF70+AG70*AG70))) -> - | AK70: =IF(AD70="-","-",AJ70/AI70) -> - | AL70: =VLOOKUP($A70,TABEL,AL$10,FALSE) -> - | AM70: =IF(AL70="-","-",EXP(AN70+1.645*AO70)) -> - | AN70: =IF(AL70="-","-",LN(AQ70)-AO70*AO70/2) -> - | AO70: =IF(AL70="-","-",(SQRT(1.645^2+2*LN(AQ70/AL70))-1.645)) -> - | AP70: =IF(AL70="-","-",EXP(AN70)) -> - | AQ70: =VLOOKUP($A70,TABEL,AQ$10,FALSE) -> - | AR70: =IF(AL70="-","-",SQRT((EXP(AO70*AO70)-1)*EXP(2*AN70+AO70*AO70))) -> - | AS70: =IF(AL70="-","-",AR70/AQ70) -> - | AT70: =VLOOKUP($A70,TABEL,AT$10,FALSE) -> - | AU70: =IF(AT70="-","-",EXP(AV70+1.645*AW70)) -> - | AV70: =IF(AT70="-","-",LN(AY70)-AW70*AW70/2) -> - | AW70: =IF(AT70="-","-",(SQRT(1.645^2+2*LN(AY70/AT70))-1.645)) -> - | AX70: =IF(AT70="-","-",EXP(AV70)) -> - | AY70: =VLOOKUP($A70,TABEL,AY$10,FALSE) -> - | AZ70: =IF(AT70="-","-",SQRT((EXP(AW70*AW70)-1)*EXP(2*AV70+AW70*AW70))) -> - | BA70: =IF(AT70="-","-",AZ70/AY70) -> - | BB70: =VLOOKUP($A70,TABEL,BB$10,FALSE) -> - | BC70: =IF(BB70="-","-",EXP(BD70+1.645*BE70)) -> - | BD70: =IF(BB70="-","-",LN(BG70)-BE70*BE70/2) -> - | BE70: =IF(BB70="-","-",(SQRT(1.645^2+2*LN(BG70/BB70))-1.645)) -> - | BF70: =IF(BB70="-","-",EXP(BD70)) -> - | BG70: =BB70 -> - | BH70: =IF(BB70="-","-",SQRT((EXP(BE70*BE70)-1)*EXP(2*BD70+BE70*BE70))) -> - | BI70: =IF(BB70="-","-",BH70/BG70) -> - | BJ70: =VLOOKUP($A70,TABEL,BJ$10,FALSE) -> 103 | BK70: =VLOOKUP($A70,TABEL,BK$10,FALSE) -> 103 | BL70: =(LN(BK70)+LN(BJ70))/2 -> 4.634729 | BM70: =(LN(BK70)-LN(BJ70))/(2*1.645) -> 0 | BN70: =IF(BJ70="-","-",EXP(BL70)) -> 103 | BO70: =EXP(BL70+BM70*BM70/2) -> 103 | BP70: =SQRT((EXP(BM70*BM70)-1)*EXP(2*BL70+BM70*BM70)) -> 0 | BQ70: =BP70/BO70 -> 0
A71: P_Ggs_zg_z | B71: TABLE | E71: =VLOOKUP(A71,Kleurtabel!$A$2:$F$822,6,FALSE) -> #80A6A6A6 | F71: =VLOOKUP($A71,TABEL,F$10,FALSE) -> 18 | G71: =VLOOKUP($A71,TABEL,G$10,FALSE) -> 19 | H71: =(LN(G71)+LN(F71))/2 -> 2.9174054 | I71: =(LN(G71)-LN(F71))/(2*1.645) -> 0.016433806 | J71: =IF(F71="-","-",EXP(H71)) -> 18.493242 | K71: =EXP(H71+I71*I71/2) -> 18.495739 | L71: =SQRT((EXP(I71*I71)-1)*EXP(2*H71+I71*I71)) -> 0.30397591 | M71: =L71/K71 -> 0.016434915 | N71: =VLOOKUP($A71,TABEL,N$10,FALSE) -> 20 | O71: =VLOOKUP($A71,TABEL,O$10,FALSE) -> 21 | P71: =(LN(O71)+LN(N71))/2 -> 3.0201274 | Q71: =(LN(O71)-LN(N71))/(2*1.645) -> 0.014829837 | R71: =EXP(P71) -> 20.493902 | S71: =EXP(P71+Q71*Q71/2) -> 20.496155 | T71: =SQRT((EXP(Q71*Q71)-1)*EXP(2*P71+Q71*Q71)) -> 0.30397136 | U71: =T71/S71 -> 0.014830653 | V71: =VLOOKUP($A71,TABEL,V$10,FALSE)/2+AA71/2 -> 30.95 | W71: =IF(V71="-","-",EXP(X71+1.645*Y71)) -> 33.072181 | X71: =IF(V71="-","-",LN(AA71)-Y71*Y71/2) -> 3.4655327 | Y71: =IF(V71="-","-",(SQRT(1.645^2+2*LN(AA71/V71))-1.645)) -> 0.020157893 | Z71: =IF(V71="-","-",EXP(X71)) -> 31.993499 | AA71: =VLOOKUP($A71,TABEL,AA$10,FALSE) -> 32 | AB71: =IF(V71="-","-",SQRT((EXP(Y71*Y71)-1)*EXP(2*X71+Y71*Y71))) -> 0.6451181 | AC71: =IF(V71="-","-",AB71/AA71) -> 0.020159941 | AD71: =VLOOKUP($A71,TABEL,AD$10,FALSE) -> - | AE71: =IF(AD71="-","-",EXP(AF71+1.645*AG71)) -> - | AF71: =IF(AD71="-","-",LN(AI71)-AG71*AG71/2) -> - | AG71: =IF(AD71="-","-",(SQRT(1.645^2+2*LN(AI71/AD71))-1.645)) -> - | AH71: =IF(AD71="-","-",EXP(AF71)) -> - | AI71: =VLOOKUP($A71,TABEL,AI$10,FALSE) -> - | AJ71: =IF(AD71="-","-",SQRT((EXP(AG71*AG71)-1)*EXP(2*AF71+AG71*AG71))) -> - | AK71: =IF(AD71="-","-",AJ71/AI71) -> - | AL71: =VLOOKUP($A71,TABEL,AL$10,FALSE) -> - | AM71: =IF(AL71="-","-",EXP(AN71+1.645*AO71)) -> - | AN71: =IF(AL71="-","-",LN(AQ71)-AO71*AO71/2) -> - | AO71: =IF(AL71="-","-",(SQRT(1.645^2+2*LN(AQ71/AL71))-1.645)) -> - | AP71: =IF(AL71="-","-",EXP(AN71)) -> - | AQ71: =VLOOKUP($A71,TABEL,AQ$10,FALSE) -> - | AR71: =IF(AL71="-","-",SQRT((EXP(AO71*AO71)-1)*EXP(2*AN71+AO71*AO71))) -> - | AS71: =IF(AL71="-","-",AR71/AQ71) -> - | AT71: =VLOOKUP($A71,TABEL,AT$10,FALSE) -> - | AU71: =IF(AT71="-","-",EXP(AV71+1.645*AW71)) -> - | AV71: =IF(AT71="-","-",LN(AY71)-AW71*AW71/2) -> - | AW71: =IF(AT71="-","-",(SQRT(1.645^2+2*LN(AY71/AT71))-1.645)) -> - | AX71: =IF(AT71="-","-",EXP(AV71)) -> - | AY71: =VLOOKUP($A71,TABEL,AY$10,FALSE) -> - | AZ71: =IF(AT71="-","-",SQRT((EXP(AW71*AW71)-1)*EXP(2*AV71+AW71*AW71))) -> - | BA71: =IF(AT71="-","-",AZ71/AY71) -> - | BB71: =VLOOKUP($A71,TABEL,BB$10,FALSE) -> - | BC71: =IF(BB71="-","-",EXP(BD71+1.645*BE71)) -> - | BD71: =IF(BB71="-","-",LN(BG71)-BE71*BE71/2) -> - | BE71: =IF(BB71="-","-",(SQRT(1.645^2+2*LN(BG71/BB71))-1.645)) -> - | BF71: =IF(BB71="-","-",EXP(BD71)) -> - | BG71: =BB71 -> - | BH71: =IF(BB71="-","-",SQRT((EXP(BE71*BE71)-1)*EXP(2*BD71+BE71*BE71))) -> - | BI71: =IF(BB71="-","-",BH71/BG71) -> - | BJ71: =VLOOKUP($A71,TABEL,BJ$10,FALSE) -> 103 | BK71: =VLOOKUP($A71,TABEL,BK$10,FALSE) -> 103 | BL71: =(LN(BK71)+LN(BJ71))/2 -> 4.634729 | BM71: =(LN(BK71)-LN(BJ71))/(2*1.645) -> 0 | BN71: =IF(BJ71="-","-",EXP(BL71)) -> 103 | BO71: =EXP(BL71+BM71*BM71/2) -> 103 | BP71: =SQRT((EXP(BM71*BM71)-1)*EXP(2*BL71+BM71*BM71)) -> 0 | BQ71: =BP71/BO71 -> 0
A72: P_Ggs_zg_k | B72: CPT | E72: =VLOOKUP(A72,Kleurtabel!$A$2:$F$822,6,FALSE) -> #80A6A6A6 | F72: =VLOOKUP($A72,TABEL,F$10,FALSE) -> 17 | G72: =VLOOKUP($A72,TABEL,G$10,FALSE) -> 19 | H72: =(LN(G72)+LN(F72))/2 -> 2.8888262 | I72: =(LN(G72)-LN(F72))/(2*1.645) -> 0.033807184 | J72: =IF(F72="-","-",EXP(H72)) -> 17.972201 | K72: =EXP(H72+I72*I72/2) -> 17.982474 | L72: =SQRT((EXP(I72*I72)-1)*EXP(2*H72+I72*I72)) -> 0.60811056 | M72: =L72/K72 -> 0.033816846 | N72: =VLOOKUP($A72,TABEL,N$10,FALSE) -> 17 | O72: =VLOOKUP($A72,TABEL,O$10,FALSE) -> 19 | P72: =(LN(O72)+LN(N72))/2 -> 2.8888262 | Q72: =(LN(O72)-LN(N72))/(2*1.645) -> 0.033807184 | R72: =EXP(P72) -> 17.972201 | S72: =EXP(P72+Q72*Q72/2) -> 17.982474 | T72: =SQRT((EXP(Q72*Q72)-1)*EXP(2*P72+Q72*Q72)) -> 0.60811056 | U72: =T72/S72 -> 0.033816846 | V72: =VLOOKUP($A72,TABEL,V$10,FALSE)/2+AA72/2 -> 30.95 | W72: =IF(V72="-","-",EXP(X72+1.645*Y72)) -> 33.072181 | X72: =IF(V72="-","-",LN(AA72)-Y72*Y72/2) -> 3.4655327 | Y72: =IF(V72="-","-",(SQRT(1.645^2+2*LN(AA72/V72))-1.645)) -> 0.020157893 | Z72: =IF(V72="-","-",EXP(X72)) -> 31.993499 | AA72: =VLOOKUP($A72,TABEL,AA$10,FALSE) -> 32 | AB72: =IF(V72="-","-",SQRT((EXP(Y72*Y72)-1)*EXP(2*X72+Y72*Y72))) -> 0.6451181 | AC72: =IF(V72="-","-",AB72/AA72) -> 0.020159941 | AD72: =VLOOKUP($A72,TABEL,AD$10,FALSE) -> 0.281 | AE72: =IF(AD72="-","-",EXP(AF72+1.645*AG72)) -> 0.29917961 | AF72: =IF(AD72="-","-",LN(AI72)-AG72*AG72/2) -> -1.2380559 | AG72: =IF(AD72="-","-",(SQRT(1.645^2+2*LN(AI72/AD72))-1.645)) -> 0.019054539 | AH72: =IF(AD72="-","-",EXP(AF72)) -> 0.28994736 | AI72: =VLOOKUP($A72,TABEL,AI$10,FALSE) -> 0.29 | AJ72: =IF(AD72="-","-",SQRT((EXP(AG72*AG72)-1)*EXP(2*AF72+AG72*AG72))) -> 0.0055263178 | AK72: =IF(AD72="-","-",AJ72/AI72) -> 0.019056268 | AL72: =VLOOKUP($A72,TABEL,AL$10,FALSE) -> 0.892 | AM72: =IF(AL72="-","-",EXP(AN72+1.645*AO72)) -> 0.90804509 | AN72: =IF(AL72="-","-",LN(AQ72)-AO72*AO72/2) -> -0.1053752 | AO72: =IF(AL72="-","-",(SQRT(1.645^2+2*LN(AQ72/AL72))-1.645)) -> 0.005418814 | AP72: =IF(AL72="-","-",EXP(AN72)) -> 0.89998679 | AQ72: =VLOOKUP($A72,TABEL,AQ$10,FALSE) -> 0.9 | AR72: =IF(AL72="-","-",SQRT((EXP(AO72*AO72)-1)*EXP(2*AN72+AO72*AO72))) -> 0.0048769684 | AS72: =IF(AL72="-","-",AR72/AQ72) -> 0.0054188537 | AT72: =VLOOKUP($A72,TABEL,AT$10,FALSE) -> 11.57 | AU72: =IF(AT72="-","-",EXP(AV72+1.645*AW72)) -> 36.715039 | AV72: =IF(AT72="-","-",LN(AY72)-AW72*AW72/2) -> 3.025801 | AW72: =IF(AT72="-","-",(SQRT(1.645^2+2*LN(AY72/AT72))-1.645)) -> 0.3509942 | AX72: =IF(AT72="-","-",EXP(AV72)) -> 20.610507 | AY72: =VLOOKUP($A72,TABEL,AY$10,FALSE) -> 21.92 | AZ72: =IF(AT72="-","-",SQRT((EXP(AW72*AW72)-1)*EXP(2*AV72+AW72*AW72))) -> 7.9369516 | BA72: =IF(AT72="-","-",AZ72/AY72) -> 0.36208721 | BB72: =VLOOKUP($A72,TABEL,BB$10,FALSE) -> 6 | BC72: =IF(BB72="-","-",EXP(BD72+1.645*BE72)) -> 6 | BD72: =IF(BB72="-","-",LN(BG72)-BE72*BE72/2) -> 1.7917595 | BE72: =IF(BB72="-","-",(SQRT(1.645^2+2*LN(BG72/BB72))-1.645)) -> 0 | BF72: =IF(BB72="-","-",EXP(BD72)) -> 6 | BG72: =BB72 -> 6 | BH72: =IF(BB72="-","-",SQRT((EXP(BE72*BE72)-1)*EXP(2*BD72+BE72*BE72))) -> 0 | BI72: =IF(BB72="-","-",BH72/BG72) -> 0 | BJ72: =VLOOKUP($A72,TABEL,BJ$10,FALSE) -> 103 | BK72: =VLOOKUP($A72,TABEL,BK$10,FALSE) -> 103 | BL72: =(LN(BK72)+LN(BJ72))/2 -> 4.634729 | BM72: =(LN(BK72)-LN(BJ72))/(2*1.645) -> 0 | BN72: =IF(BJ72="-","-",EXP(BL72)) -> 103 | BO72: =EXP(BL72+BM72*BM72/2) -> 103 | BP72: =SQRT((EXP(BM72*BM72)-1)*EXP(2*BL72+BM72*BM72)) -> 0 | BQ72: =BP72/BO72 -> 0
